,id,price 01-04-2018,reddit_subscribers 01-04-2018,twitter_followers 01-04-2018,alexa_rank 01-04-2018
0,bitcoin,6975.27531402076,785619.0,819312.0,5574.0
1,ethereum,395.79638095782116,348116.0,382159.0,8204.0
2,binancecoin,11.115510878254739,40605.0,176.0,230.0
3,tether,1.00069,,23302.0,34929.0
4,ripple,0.51199,184063.0,843082.0,5224.0
5,cardano,0.15553196120838061,60486.0,124345.0,13650.0
6,polkadot,,,,
7,dogecoin,0.002798551135706926,115819.0,208970.0,31077.0
8,uniswap,,,,
9,litecoin,116.19558050155825,197030.0,410110.0,59300.0
10,bitcoin-cash,688.6184483065383,32398.0,98264.0,87510.0
11,chainlink,0.2813859966712322,,11748.0,
12,usd-coin,,,,
13,vechain,,,,
14,stellar,0.207794066119451,76111.0,224029.0,12412.0
15,theta-token,0.11691911856248155,2057.0,36242.0,119095.0
16,solana,,,,
17,filecoin,,,,
18,wrapped-bitcoin,,,,
19,tron,0.0341375904343795,62267.0,278918.0,754627.0
20,binance-usd,,,,
21,monero,180.1851999126979,124683.0,283411.0,25712.0
22,neo,50.351916535520154,88358.0,299298.0,23186.0
23,eos,5.883527692415818,42951.0,128624.0,22055.0
24,terra-luna,,,,
25,klay-token,,,,
26,iota,1.0802271128105392,108796.0,108410.0,25994.0
27,cosmos,,,,
28,bitcoin-cash-sv,,,,
29,compound-usd-coin,,,,
30,crypto-com-chain,,,,
31,okb,,,,
32,aave,,,,
33,bittorrent-2,,,,
34,compound-ether,,,,
35,ftx-token,,,,
36,pancakeswap-token,,,,
37,ethereum-classic,14.452265923133954,18346.0,198009.0,199911.0
38,maker,522.1132535933724,3396.0,7505.0,88102.0
39,tezos,,,,
40,dai,,,,
41,algorand,,,,
42,huobi-token,1.7520574233013142,312.0,39647.0,2719.0
43,compound-governance-token,,,,
44,cdai,,,,
45,thorchain,,,,
46,pirate-chain,,,,
47,avalanche-2,,,,
48,kusama,,,,
49,elrond-erd-2,,,,
50,dash,307.3969651569275,20672.0,291818.0,35871.0
51,nem,0.22183892798032084,16950.0,195953.0,34800.0
52,celsius-degree-token,,,,
53,zcash,185.609,12652.0,64881.0,24970.0
54,decred,40.10624162351722,7629.0,37459.0,86500.0
55,havven,0.3528047467623568,1092.0,10953.0,56013.0
56,chiliz,,,,
57,leo-token,,,,
58,holotoken,,,,
59,hedera-hashgraph,,,,
60,enjincoin,0.10130365954365717,8401.0,31457.0,10026.0
61,blockstack,,,,
62,nexo,,,,
63,terrausd,,,,
64,zilliqa,0.04623621838956354,4914.0,26866.0,77073.0
65,matic-network,,,,
66,amp-token,,,,
67,fei-protocol,,,,
68,digibyte,0.017712102697539967,17137.0,145127.0,141012.0
69,sushi,,,,
70,basic-attention-token,0.1956921827330643,15866.0,73949.0,66020.0
71,the-graph,,,,
72,near,,,,
73,decentraland,0.0711495949839514,4813.0,32412.0,101544.0
74,yearn-finance,,,,
75,siacoin,0.010778771074399236,31081.0,99760.0,27656.0
76,bitcoin-gold,44.203683878172356,,68079.0,1476215.0
77,waves,3.62192,8917.0,113237.0,32597.0
78,liquity-usd,,,,
79,huobi-btc,,,,
80,uma,,,,
81,qtum,14.2365,13661.0,152959.0,50649.0
82,zencash,16.048852095073983,3543.0,19214.0,713088.0
83,ontology,2.0664493301069164,5990.0,35455.0,82584.0
84,ravencoin,0.04282819042808746,1329.0,6442.0,221335.0
85,helium,,,,
86,bancor,2.272061383879188,4280.0,689.0,59119.0
87,0x,0.549493657647498,11020.0,108035.0,56448.0
88,wazirx,,,,
89,paxos-standard,,,,
90,icon,2.2144700141278704,20264.0,89750.0,45253.0
91,swissborg,0.029381623211924546,802.0,11125.0,45304.0
92,flow,,,,
93,ecomi,,,,
94,reserve-rights-token,,,,
95,xdce-crowd-sale,,,,
96,nano,5.633176053753357,37968.0,89196.0,59147.0
97,ankr,,,,
98,harmony,,,,
99,omisego,8.2235,35231.0,257931.0,
100,arweave,,,,
101,iostoken,0.02426865056289965,,208511.0,46618.0
102,kucoin-shares,2.27452,10793.0,223785.0,1267.0
103,husd,,,,
104,fantom,,,,
105,wink,,,,
106,curve-dao-token,,,,
107,pundi-x,0.0008666839290684855,482.0,18269.0,81892.0
108,verge,0.03915174671555597,50051.0,271475.0,24945.0
109,bmax,,,,
110,republic-protocol,0.036456250566433916,208.0,2534.0,235145.0
111,xsushi,,,,
112,1inch,,,,
113,livepeer,,,,
114,venus,,,,
115,pundi-x-2,,,,
116,nxm,,,,
117,renbtc,,,,
118,ethos,2.023186573565477,4415.0,53190.0,73959.0
119,dent,0.0094158682653713,6860.0,33833.0,91524.0
120,loopring,0.3874198976801262,2409.0,24657.0,97095.0
121,vethor-token,,,,
122,lisk,7.581964301229779,29044.0,185025.0,50914.0
123,staked-ether,,,,
124,bitcoin-cash-abc-2,,,,
125,compound-usdt,,,,
126,oxygen,,,,
127,balancer,,,,
128,nervos-network,,,,
129,mirror-protocol,,,,
130,status,0.08923317480368628,5502.0,93588.0,74435.0
131,celo,,,,
132,gatechain-token,,,,
133,quant-network,,,,
134,tribe-2,,,,
135,zkswap,,,,
136,ocean-protocol,,,,
137,energy-web-token,,,,
138,bounce-token,,,,
139,btc-standard-hashrate-token,,,,
140,kyber-network,1.004709347088927,791.0,73652.0,82785.0
141,reef-finance,,,,
142,band-protocol,,,,
143,maidsafecoin,0.229076,4618.0,56561.0,175671.0
144,nkn,,,,
145,axie-infinity,,,,
146,bitcoin-diamond,12.307637871525895,,34075.0,133229.0
147,compound-uniswap,,,,
148,hbtc-token,,,,
149,electroneum,0.020679143030862344,18022.0,116388.0,8658.0
150,redfox-labs-2,,,,
151,mdex,,,,
152,numeraire,11.232286842275288,1181.0,14318.0,209579.0
153,origin-protocol,,,,
154,alpha-finance,,,,
155,golem,0.200961,18811.0,127870.0,90324.0
156,telcoin,0.0017548602267643738,3483.0,22753.0,89933.0
157,storm,0.0346568391687692,2060.0,21729.0,101977.0
158,ampleforth,,,,
159,singularitynet,0.1265670619393108,23.0,15430.0,102825.0
160,true-usd,1.007963379717449,,4120.0,283310.0
161,dodo,,,,
162,raydium,,,,
163,wootrade-network,,,,
164,skale,,,,
165,tokamak-network,,,,
166,funfair,0.0310555,17843.0,34982.0,63470.0
167,ampleforth-governance-token,,,,
168,noia-network,,,,
169,civic,0.20573322802973784,7742.0,83946.0,119071.0
170,ardor,0.22262858686079148,6470.0,69819.0,122366.0
171,orion-protocol,,,,
172,seth,,,,
173,akash-network,,,,
174,bytom,0.5334957757492846,1626.0,9652.0,249090.0
175,medibloc,0.015764741628004637,1097.0,7769.0,138597.0
176,zipmex-token,,,,
177,serum,,,,
178,the-sandbox,,,,
179,gnosis,58.264728133357615,2059.0,64086.0,189681.0
180,alien-worlds,,,,
181,fetch-ai,,,,
182,anchor-protocol,,,,
183,shabu-shabu,,,,
184,haven,,,,
185,kin,0.000183779,9089.0,22533.0,60948.0
186,velas,,,,
187,swipe,,,,
188,aragon,2.2662953135925514,2186.0,61743.0,138926.0
189,unibright,,,,
190,kava,,,,
191,alchemix,,,,
192,wax,0.1417438106161317,695.0,14670.0,100481.0
193,ultra,,,,
194,orbs,,,,
195,rocket-pool,,,,
196,math,,,,
197,neutrino,,,,
198,steem,1.5276825038893282,,92913.0,1022.0
199,celer-network,,,,
200,komodo,2.36602,6048.0,83042.0,101941.0
201,storj,0.6646052445302031,6981.0,80219.0,59431.0
202,iotex,,,,
203,uquid-coin,1.5928023081370164,7.0,160.0,974666.0
204,bitshares,0.11982320430348893,6859.0,13771.0,40520.0
205,audius,,,,
206,polymath-network,0.342168,3161.0,20314.0,29941.0
207,reddcoin,0.003909195455812546,38280.0,95656.0,58472.0
208,wanchain,3.2805435944602563,15470.0,93665.0,56825.0
209,paid-network,,,,
210,trustswap,,,,
211,gamercoin,,,,
212,ark,2.00928,21422.0,61545.0,65646.0
213,klever,,,,
214,unfederalreserve,,,,
215,nusd,,,,
216,metadium,,,,
217,badger-dao,,,,
218,safepal,,,,
219,kardiachain,,,,
220,thorchain-erc20,,,,
221,hathor,,,,
222,concierge-io,,,,
223,crust-network,,,,
224,district0x,0.06693856388409229,6770.0,55401.0,129196.0
225,oasis-network,,,,
226,injective-protocol,,,,
227,ethlend,0.04461796541849721,5982.0,43911.0,66856.0
228,keep-network,,,,
229,newscrypto-coin,,,,
230,metal,3.54498,,32015.0,153352.0
231,rif-token,,,,
232,trust-wallet-token,,,,
233,linear,,,,
234,handshake,,,,
235,coti,,,,
236,secret,,,,
237,origintrail,0.111769,4106.0,9771.0,108390.0
238,verasity,,,,
239,titanswap,,,,
240,fx-coin,,,,
241,augur,26.0467,7831.0,107655.0,109531.0
242,utrust,0.13705494981291336,2864.0,27532.0,92471.0
243,vai,,,,
244,syscoin,0.27549657748298473,4277.0,68162.0,158154.0
245,perpetual-protocol,,,,
246,superfarm,,,,
247,gny,,,,
248,everipedia,,,,
249,bakerytoken,,,,
250,bitcoin,6975.27531402076,785619.0,819312.0,5574.0
251,ethereum,395.79638095782116,348116.0,382159.0,8204.0
252,binancecoin,11.115510878254739,40605.0,176.0,230.0
253,tether,1.00069,,23302.0,34929.0
254,ripple,0.51199,184063.0,843082.0,5224.0
255,cardano,0.15553196120838061,60486.0,124345.0,13650.0
256,polkadot,,,,
257,dogecoin,0.002798551135706926,115819.0,208970.0,31077.0
258,uniswap,,,,
259,litecoin,116.19558050155825,197030.0,410110.0,59300.0
260,bitcoin-cash,688.6184483065383,32398.0,98264.0,87510.0
261,chainlink,0.2813859966712322,,11748.0,
262,usd-coin,,,,
263,vechain,,,,
264,stellar,0.207794066119451,76111.0,224029.0,12412.0
265,theta-token,0.11691911856248155,2057.0,36242.0,119095.0
266,solana,,,,
267,filecoin,,,,
268,wrapped-bitcoin,,,,
269,tron,0.0341375904343795,62267.0,278918.0,754627.0
270,binance-usd,,,,
271,monero,180.1851999126979,124683.0,283411.0,25712.0
272,neo,50.351916535520154,88358.0,299298.0,23186.0
273,eos,5.883527692415818,42951.0,128624.0,22055.0
274,terra-luna,,,,
275,klay-token,,,,
276,iota,1.0802271128105392,108796.0,108410.0,25994.0
277,cosmos,,,,
278,bitcoin-cash-sv,,,,
279,compound-usd-coin,,,,
280,crypto-com-chain,,,,
281,okb,,,,
282,aave,,,,
283,bittorrent-2,,,,
284,compound-ether,,,,
285,ftx-token,,,,
286,pancakeswap-token,,,,
287,ethereum-classic,14.452265923133954,18346.0,198009.0,199911.0
288,maker,522.1132535933724,3396.0,7505.0,88102.0
289,tezos,,,,
290,dai,,,,
291,algorand,,,,
292,huobi-token,1.7520574233013142,312.0,39647.0,2719.0
293,compound-governance-token,,,,
294,cdai,,,,
295,thorchain,,,,
296,pirate-chain,,,,
297,avalanche-2,,,,
298,kusama,,,,
299,elrond-erd-2,,,,
300,dash,307.3969651569275,20672.0,291818.0,35871.0
301,nem,0.22183892798032084,16950.0,195953.0,34800.0
302,celsius-degree-token,,,,
303,zcash,185.609,12652.0,64881.0,24970.0
304,decred,40.10624162351722,7629.0,37459.0,86500.0
305,havven,0.3528047467623568,1092.0,10953.0,56013.0
306,chiliz,,,,
307,leo-token,,,,
308,holotoken,,,,
309,hedera-hashgraph,,,,
310,enjincoin,0.10130365954365717,8401.0,31457.0,10026.0
311,blockstack,,,,
312,nexo,,,,
313,terrausd,,,,
