,id,price 01-04-2021,market_cap_2021(millions),reddit_subscribers 01-04-2021,twitter_followers 01-04-2021,alexa_rank 01-04-2021
0,bitcoin,58817.3738884188,1098127.3109468978,2648989.0,83714.0,5018.0
1,ethereum,1915.8325358462234,221210.69053773204,753614.0,852223.0,6152.0
2,binancecoin,302.74519342468096,46841.566978953735,215806.0,,154.0
3,ripple,0.5738184047382427,26345.85065265566,278986.0,1310270.0,11412.0
4,tether,1.0002878265584567,40816.914163929476,,80505.0,38477.0
5,cardano,1.1921924669843982,38261.20055094287,302631.0,297688.0,8118.0
6,dogecoin,0.05438168841092798,7014.689872852019,1229059.0,686374.0,11467.0
7,polkadot,36.88846964991404,36315.7808754241,20403.0,258776.0,15426.0
8,uniswap,28.040616383225696,14611.600101943754,32134.0,315162.0,1940.0
9,litecoin,196.5051441183434,13117.192834593618,284122.0,154625.0,86501.0
10,bitcoin-cash,540.1666358625873,10136.792990462705,487730.0,,298671.0
11,chainlink,29.189755410668372,12076.610997823354,45883.0,207718.0,27392.0
12,vechain,0.08792823315713097,5721.910618233825,111833.0,221295.0,38627.0
13,usd-coin,0.9990316334390995,10825.119295695835,,,41132.0
14,solana,19.48663194355817,5229.172252453522,6417.0,135792.0,29632.0
15,stellar,0.40719749479961126,9251.273821656512,164840.0,462513.0,26281.0
16,theta-token,12.22972675253324,12242.17934353216,11272.0,122038.0,23388.0
17,filecoin,189.57559567550769,11887.088710101214,,67162.0,40671.0
18,tron,0.09190354372614341,6602.014663817924,90389.0,674062.0,23802.0
19,wrapped-bitcoin,58821.45238754192,8244.287417230182,,,196125.0
20,binance-usd,0.9992423770042209,3484.5855913665587,,16221.0,49424.0
21,terra-luna,18.644496937215052,7298.712158532365,,49414.0,27398.0
22,monero,246.68647724255842,4403.86357941913,207329.0,378462.0,40324.0
23,neo,50.713836251520775,3583.8958784259667,107252.0,364020.0,91590.0
24,klay-token,4.103875216886447,0.0,352.0,32627.0,72713.0
25,iota,1.5265500347568606,4246.360636736556,127348.0,,51531.0
26,eos,4.7949477581378535,4572.6491165778725,80672.0,,56951.0
27,aave,381.1516576311669,4772.072359925201,7733.0,160771.0,14216.0
28,pancakeswap-token,18.199790449310857,2649.470835025269,,286861.0,4019.0
29,cosmos,19.0539225626015,4547.5571131536335,22241.0,,47588.0
30,bitcoin-cash-sv,216.69931538128893,4066.7437193836217,,,395086.0
31,bittorrent-2,0.005099744148324021,3353.614978881523,5062.0,162145.0,4377.0
32,crypto-com-chain,0.21533605206588788,5448.700392639263,43912.0,454877.0,3150.0
33,ftx-token,39.88856046346734,3534.248646953734,,81307.0,3088.0
34,okb,16.960067383879615,4589.783313890986,,,6212.0
35,compound-usd-coin,0.02183022972314575,2776.642990614773,,110398.0,22316.0
36,ethereum-classic,14.053252337705684,1648.0629464245721,32186.0,314084.0,124907.0
37,compound-ether,38.36120412253529,3600.5901330678607,4794.0,110461.0,22316.0
38,tezos,4.800897614784022,3680.545418709184,40390.0,97788.0,103293.0
39,maker,2117.2643725267208,1912.4216331237512,23494.0,125529.0,31168.0
40,algorand,1.3596440287490847,3535.6812091611555,19389.0,75695.0,136604.0
41,kusama,497.0662594552694,4457.248395854781,,44531.0,82275.0
42,dai,0.9991210334910725,3011.7054017980627,23494.0,125443.0,31168.0
43,avalanche-2,28.649511340932087,3667.5246241772634,5705.0,58677.0,73333.0
44,thorchain,7.943803272887566,1844.9280557607003,3116.0,40.0,96184.0
45,cdai,0.02129566135481204,2636.8009374647163,4795.0,110319.0,22316.0
46,huobi-token,15.634028680512682,2862.1145493461513,1199.0,273589.0,463941.0
47,compound-governance-token,398.22856243523773,1913.8897880826084,,110461.0,22316.0
48,elrond-erd-2,140.1582008753969,2447.9740950024343,7423.0,189586.0,26202.0
49,matic-network,0.35942530576763804,1804.980922596604,10001.0,3128.0,24254.0
50,nem,0.3816524978245888,3443.6503666197527,20677.0,279141.0,25974.0
51,holotoken,0.016850991668470556,2997.5864823193324,14007.0,49155.0,140786.0
52,dash,222.12897964169713,2233.7626308145555,39055.0,385063.0,47814.0
53,decred,179.6884571059085,2301.335434816581,10793.0,43569.0,244352.0
54,chiliz,0.5004630750208979,2675.2642193784973,,245039.0,38872.0
55,zcash,157.3572774220302,1719.0543172202104,18271.0,73805.0,92641.0
56,havven,17.64601009255684,2632.9722645857096,5709.0,104466.0,23689.0
57,hedera-hashgraph,0.3686393011829175,2863.001316414102,13516.0,73375.0,46082.0
58,zilliqa,0.1775598060565801,2108.0600856857413,25536.0,191417.0,35468.0
59,celsius-degree-token,4.81476308000817,1847.987039206199,16356.0,129072.0,17447.0
60,enjincoin,2.545507236873369,2380.751555460158,25442.0,128391.0,26970.0
61,blockstack,1.2159135316595264,1277.786309756301,,55573.0,72089.0
62,leo-token,2.029636613761564,1946.7713210999855,8462.0,629408.0,3980.0
63,amp-token,0.02880345515552934,1044.57721972788,3984.0,5783.0,308968.0
64,nexo,2.759186566375896,1540.1092409789053,14052.0,81294.0,9591.0
65,sushi,14.643886347020615,2053.765093230361,,64850.0,
66,waves,11.95185798920763,1195.754062756613,57855.0,168296.0,113507.0
67,siacoin,0.02631203644615414,1258.2761232240905,37003.0,127568.0,63579.0
68,digibyte,0.07410342849175251,1050.4567713805648,30919.0,196306.0,544060.0
69,the-graph,1.717220172828534,2103.712374364874,12711.0,80525.0,26769.0
70,fei-protocol,,,,,
71,near,5.996352794545257,2011.919619082573,,45956.0,
72,basic-attention-token,1.1362347318720223,1695.223785989854,63955.0,169303.0,18944.0
73,pirate-chain,0.3308950639216991,59.26897516270898,929.0,6050.0,478288.0
74,yearn-finance,36096.611491861295,1305.0601884893279,4103.0,99214.0,21200.0
75,decentraland,1.0158315070022284,1345.738461688699,24972.0,103472.0,15640.0
76,bitcoin-gold,39.027735386088466,682.7570715885583,,88569.0,185104.0
77,uma,24.7383120449608,1477.925590508989,,32351.0,121896.0
78,huobi-btc,58793.293108999336,1641.726023503058,,273575.0,
79,qtum,9.372114941049258,972.5858909871276,15875.0,218018.0,102552.0
80,liquity-usd,,,,,
81,ravencoin,0.18784516537580934,1583.3758306127752,28981.0,54274.0,44096.0
82,0x,1.8819784330641827,1428.88140714078,18674.0,,55682.0
83,arweave,32.4557642370004,1423.0941522492317,,13461.0,92045.0
84,zencash,51.28605992510719,561.584058910368,6914.0,94582.0,739625.0
85,ontology,1.72648805274282,1381.73526607006,17921.0,113792.0,179444.0
86,helium,10.512466717085873,793.8458158218936,7886.0,25903.0,24713.0
87,icon,3.040018070207212,1813.4581404805695,30570.0,129858.0,720527.0
88,wazirx,0.7918432654099223,196.35195432174987,,76275.0,3317.0
89,harmony,0.17647927481949924,1657.8482271932971,11821.0,110755.0,41761.0
90,flow,34.334666181193555,1175.0260212579635,,58218.0,26820.0
91,bancor,7.415718700933328,1283.734468119222,6786.0,,30846.0
92,fantom,0.42247841537801556,1073.819183984588,5868.0,55470.0,61839.0
93,xdce-crowd-sale,0.03816134075757679,467.7891298540956,1374.0,30213.0,534888.0
94,reserve-rights-token,0.08996152968606162,1171.7364908845705,,64763.0,80530.0
95,ecomi,0.012054748767261881,2023.0749097224216,,,55561.0
96,iostoken,0.05345005559040666,993.7407827507899,52865.0,231386.0,138939.0
97,dent,0.01251446873841827,1166.7978982582106,,69213.0,76267.0
98,paxos-standard,0.9995536656095408,973.5269143392906,,6406.0,49424.0
99,nano,5.192297341657794,691.0993723360414,81047.0,,65889.0
100,swissborg,1.1340984625751098,1075.8735241223226,6970.0,41801.0,26350.0
101,wink,0.0006542751761708759,503.5526447918693,3351.0,19843.0,46080.0
102,ankr,0.1603376620564132,1112.0151753709479,,65385.0,5861.0
103,kucoin-shares,5.256217664470516,418.2418619608969,38869.0,482756.0,6437.0
104,omisego,7.869119617871081,1113.0078210434508,4134.0,,135394.0
105,ethos,4.824848568826707,1075.2419039364668,3339.0,,22587.0
106,pundi-x-2,8.010350397764782,0.0,,111573.0,42000.0
107,husd,1.0000263420987685,791.2539396347944,,3129.0,1266093.0
108,curve-dao-token,3.115363644426937,814.2892133640615,,95286.0,26027.0
109,pundi-x,0.008030067113753816,1891.1164528509598,16176.0,,42000.0
110,verge,0.04394071763941899,733.4407477235403,52836.0,297544.0,130947.0
111,conflux-token,1.1206572322550092,0.0,,28340.0,128225.0
112,xsushi,16.412470961031296,937.0624194268768,,64403.0,22029.0
113,1inch,4.321349938403499,652.0718319918817,,,5394.0
114,republic-protocol,1.026178586744763,906.0384794664894,1129.0,66026.0,61660.0
115,livepeer,23.34487071463015,544.3277300937402,690.0,8352.0,151192.0
116,vethor-token,0.01585642028662275,540.2404568615937,111832.0,220358.0,38627.0
117,nxm,73.37868489480954,507.9996439196,,24305.0,102039.0
118,venus,66.73454128003597,611.5555221810566,,45313.0,12944.0
119,lisk,6.193096276676147,887.4874981685358,31857.0,189283.0,138778.0
120,bitcoin-cash-abc-2,31.514914206193705,588.6833279984228,,,272171.0
121,bmax,1.6599289097962353,1244.7849922328821,2325.0,81361.0,12539.0
122,status,0.14262478807404333,547.143497624591,5850.0,,117733.0
123,staked-ether,1957.0555448157377,371.3125178656141,157.0,13815.0,116245.0
124,oxygen,2.8796759442470004,585.055829369414,,12457.0,142460.0
125,loopring,0.5496819696156121,685.8020690714334,9693.0,66735.0,106441.0
126,renbtc,59657.00314022542,697.8695472367967,4602.0,65969.0,61660.0
127,nervos-network,0.04154078187791719,1018.0314740567053,2703.0,39302.0,130206.0
128,mirror-protocol,7.970195325940832,401.3079976522738,,27556.0,20111.0
129,mirror-protocol,7.970195325940832,401.3079976522738,,27556.0,20111.0
130,balancer,57.21036744912445,618.0451566235087,,66461.0,52678.0
131,bounce-token,3547.0285883723654,125.26101526644017,,24107.0,32825.0
132,gatechain-token,1.9088996153889568,337.40519456073685,,,871322.0
133,celo,4.637017873761842,439.87916901491565,,20338.0,83063.0
134,ocean-protocol,1.4329712686792977,611.5977679751223,2405.0,95671.0,75850.0
135,compound-usdt,0.02098067407258044,440.1450519880172,4793.0,110539.0,22316.0
136,btc-standard-hashrate-token,33.22631830884313,242.09606224795638,,47060.0,81774.0
137,zkswap,2.7826602604587563,574.0283080996984,,10542.0,123953.0
138,quant-network,41.05601529263824,528.6685405974229,3576.0,23247.0,283407.0
139,tribe-2,,,,,
140,raydium,9.154482848803026,223.41194790342615,,19339.0,54315.0
141,serum,5.495427920578924,275.8472623633655,,48268.0,75869.0
142,energy-web-token,16.291527269640916,544.5462103365854,2068.0,24737.0,145195.0
143,band-protocol,16.611192483431537,385.8411379390664,4504.0,72868.0,198232.0
144,storm,0.06923134817794362,578.4528989552381,3104.0,45485.0,73703.0
145,axie-infinity,5.694615918615775,315.3664321285998,,,20530.0
146,reef-finance,0.03961886598743724,447.477928367694,8847.0,92303.0,36587.0
147,kyber-network,2.7133287147192573,551.5819111487243,10340.0,151031.0,92536.0
148,nkn,0.18691373384034815,122.37761071046185,1175.0,17076.0,290706.0
149,golem,0.6206113669253513,618.7329750380076,20839.0,155043.0,169258.0
150,compound-uniswap,0.5666177611395008,315.7146893840222,,110650.0,22316.0
151,tokamak-network,10.606169796653532,332.9750517811004,,5667.0,1640689.0
152,wootrade-network,0.49634373161096945,191.87058088386556,,14480.0,330053.0
153,maidsafecoin,0.7740545112096584,350.29623413117633,2395.0,51386.0,1013707.0
154,bitcoin-diamond,1.1837212598431757,222.9414669008004,,28942.0,1256238.0
155,ampleforth,0.8598309071797059,250.17007746395433,,21125.0,126850.0
156,origin-protocol,1.980742381077553,421.08181953450435,3840.0,92920.0,63219.0
157,electroneum,0.032879277370990265,586.2163387375186,24739.0,128591.0,31606.0
158,medibloc,0.1160882114408027,344.3970110600992,1137.0,14024.0,255455.0
159,dodo,4.048006649677991,443.38641730096435,780.0,62044.0,31780.0
160,numeraire,52.182001831744095,294.63738539987054,2891.0,,982791.0
161,hbtc-token,17.7603854906308,0.0,,,25531.0
162,fetch-ai,0.7257159872682637,498.7737038168789,1816.0,42789.0,141764.0
163,singularitynet,0.32484119024113334,311.9855387462599,99.0,,143200.0
164,ardor,0.38000505327166717,375.81027484225723,6557.0,68963.0,
165,kin,0.00029421072500425356,0.0,17607.0,30057.0,144246.0
166,skale,0.7454051650928927,492.09311743212305,1050.0,19452.0,148914.0
167,alien-worlds,,,,,
168,redfox-labs-2,0.29619183223451734,390.8391128828744,,8354.0,242399.0
169,mdex,3.857737140913518,482.5600122894812,,6420.0,61847.0
170,the-sandbox,0.8002803451091618,552.6716650398711,,94150.0,26678.0
171,audius,3.1450131829721184,488.80948425153315,4094.0,38813.0,43135.0
172,alpha-finance,1.734940593312898,434.49281796639724,,49772.0,29700.0
173,telcoin,0.007853586377889469,425.9554194297257,6197.0,34910.0,330363.0
174,civic,0.5585913038379976,370.1930897832142,9377.0,,118406.0
175,wax,0.3204106465765216,479.33288340738716,3632.0,63076.0,12617.0
176,komodo,2.6829178347470375,333.3387938482065,8862.0,103858.0,223380.0
177,funfair,0.03914245153537746,247.41455655151034,163.0,,810976.0
178,steem,1.206989208260237,460.68714436677,3923.0,13135.0,170877.0
179,polymath-network,0.6258282421767276,508.8664362740944,5415.0,43146.0,178908.0
180,orion-protocol,21.687098415715507,447.35926210816694,,48396.0,65177.0
181,true-usd,0.9989012054581894,328.19408351030177,,22015.0,109124.0
182,swipe,3.4794359598080935,303.28792214336977,,136522.0,75710.0
183,bakerytoken,1.137417159019016,0.0,,85170.0,18444.0
184,ark,2.9334096904726814,460.31211407036,22486.0,70527.0,70412.0
185,celer-network,0.08360475658749658,468.613137175884,,40618.0,163195.0
186,rocket-pool,15.385889243516852,239.8167936632501,1933.0,8721.0,317077.0
187,haven,16.157668875756915,239.48453778821352,2172.0,12950.0,254250.0
188,neutrino,0.9978042399759814,217.31848226206452,,7235.0,464151.0
189,orbs,0.23088025768434806,520.5805939225959,,38774.0,330909.0
190,akash-network,5.282592494219133,230.99107881436507,1297.0,26593.0,103127.0
191,noia-network,0.8092399337010281,321.91385790086434,305.0,25210.0,368246.0
192,bytom,0.18413366881677262,306.98247319030975,2098.0,21013.0,1232898.0
193,unfederalreserve,0.41532737865627506,125.72202410251012,,6687.0,540830.0
194,seth,1960.1507760803083,243.31489177514584,5709.0,104189.0,23689.0
195,aragon,10.851830062170661,380.10192168525793,2912.0,81289.0,113796.0
196,gnosis,157.8291936373714,237.62604991840396,2237.0,,205473.0
197,kava,5.9304616914159585,347.38240942848597,,80766.0,81020.0
198,metadium,0.3549677485309788,573.1557718417727,206.0,826.0,586913.0
199,bitshares,0.09829698929942648,268.6574328905854,7029.0,3523.0,111487.0
200,anchor-protocol,4.648715420219488,219.8307435903117,,,53718.0
201,klever,0.08760304981414042,294.0474585483278,,158334.0,59129.0
202,velas,0.16186704080702277,222.11456314501595,93.0,18798.0,168994.0
203,trustswap,4.428005508938632,287.51743752508054,,37260.0,26668.0
204,wanchain,1.913345335750152,314.79581970606466,16089.0,110400.0,280811.0
