,date,id,facebook_likes,twitter_followers,reddit_average_posts_48h,reddit_average_comments_48h,reddit_subscribers,reddit_accounts_active_48h
0,29-07-2021,bitcoin,,2978627.0,6.75,1134.5,3226627.0,6568.15384615385
1,28-07-2021,bitcoin,,2974518.0,6.75,1229.5,3224059.0,7458.38461538462
2,27-07-2021,bitcoin,,2970435.0,5.364,1279.636,3221492.0,8185.91666666667
3,26-07-2021,bitcoin,,2963492.0,6.636,1041.0,3218540.0,7455.08333333333
4,25-07-2021,bitcoin,,2956394.0,6.5,693.25,3215195.0,6128.38461538462
5,24-07-2021,bitcoin,,2952704.0,6.167,677.667,3212805.0,5998.30769230769
6,23-07-2021,bitcoin,,2948923.0,6.818,784.364,3210784.0,6051.16666666667
7,22-07-2021,bitcoin,,2943671.0,6.727,1036.818,3208556.0,7326.25
8,21-07-2021,bitcoin,,2934207.0,6.417,1094.5,3205831.0,7697.76923076923
9,20-07-2021,bitcoin,,2930052.0,6.583,859.5,3203258.0,6811.30769230769
10,19-07-2021,bitcoin,,2924812.0,7.0,665.455,3200679.0,6098.91666666667
11,18-07-2021,bitcoin,,2920281.0,6.5,695.5,3198143.0,6049.84615384615
12,17-07-2021,bitcoin,,2914356.0,6.5,850.25,3195861.0,5933.15384615385
13,16-07-2021,bitcoin,,2909636.0,6.818,905.182,3193616.0,5921.58333333333
14,15-07-2021,bitcoin,,2904989.0,7.0,895.273,3191271.0,6364.91666666667
15,14-07-2021,bitcoin,,2899449.0,7.167,787.583,3188890.0,6216.69230769231
16,13-07-2021,bitcoin,,2894574.0,6.833,774.167,3186330.0,6254.0
17,12-07-2021,bitcoin,,2889596.0,6.636,870.0,3183863.0,6358.58333333333
18,11-07-2021,bitcoin,,2885679.0,6.5,762.917,3181331.0,5476.38461538462
19,10-07-2021,bitcoin,,2881143.0,7.25,789.0,3178742.0,5519.92307692308
20,09-07-2021,bitcoin,,2877187.0,7.091,822.0,3176167.0,5771.75
21,08-07-2021,bitcoin,,2872274.0,6.727,706.182,3173547.0,5625.0
22,07-07-2021,bitcoin,,2865827.0,6.667,699.333,3170721.0,5781.0
23,06-07-2021,bitcoin,,2861017.0,6.455,897.909,3167862.0,6259.16666666667
24,05-07-2021,bitcoin,,2855997.0,6.364,915.091,3165287.0,7037.83333333333
25,04-07-2021,bitcoin,,2851099.0,6.5,842.5,3162102.0,6971.46153846154
26,03-07-2021,bitcoin,,2845487.0,6.917,976.0,3159235.0,7163.30769230769
27,02-07-2021,bitcoin,,2839958.0,6.667,1041.583,3156371.0,7517.0
28,01-07-2021,bitcoin,,2833853.0,5.545,914.364,3153585.0,7145.5
29,30-06-2021,bitcoin,,2829277.0,6.455,1020.091,3150515.0,7006.33333333333
30,29-06-2021,bitcoin,,2826039.0,7.167,961.333,3147502.0,7556.38461538462
31,28-06-2021,bitcoin,,2822524.0,7.818,1167.364,3144253.0,7426.83333333333
32,27-06-2021,bitcoin,,2818556.0,6.909,1271.727,3140913.0,7441.41666666667
33,26-06-2021,bitcoin,,2815137.0,6.583,1223.833,3137560.0,8216.84615384615
34,25-06-2021,bitcoin,,2811844.0,6.75,1311.667,3133963.0,8926.84615384615
35,24-06-2021,bitcoin,,2808716.0,6.818,1541.091,3129927.0,7067.91666666667
36,23-06-2021,bitcoin,,2805817.0,7.364,1856.273,3124113.0,8896.41666666667
37,22-06-2021,bitcoin,,2800641.0,7.0,1714.167,3120113.0,10689.2307692308
38,21-06-2021,bitcoin,,2796575.0,7.0,1297.833,3115361.0,8192.92307692308
39,20-06-2021,bitcoin,,2792992.0,6.636,1082.182,3111524.0,6912.41666666667
40,19-06-2021,bitcoin,,2789799.0,7.091,1134.727,3107777.0,7326.5
41,18-06-2021,bitcoin,,2786186.0,7.182,1190.455,3104148.0,7724.91666666667
42,17-06-2021,bitcoin,,2781051.0,6.545,1034.727,3100364.0,7555.83333333333
43,16-06-2021,bitcoin,,2771695.0,7.455,1012.727,3096463.0,7936.91666666667
44,15-06-2021,bitcoin,,2760760.0,7.417,1395.0,3092315.0,8858.53846153846
45,14-06-2021,bitcoin,,2752558.0,7.091,1400.182,3087811.0,8350.75
46,13-06-2021,bitcoin,,2742500.0,5.727,1120.0,3083107.0,7875.58333333333
47,12-06-2021,bitcoin,,2732388.0,6.083,1379.833,3078917.0,8672.92307692308
48,11-06-2021,bitcoin,,2723018.0,6.818,1776.091,3074692.0,9458.83333333333
49,10-06-2021,bitcoin,,2712321.0,7.0,2316.364,3069696.0,11087.1666666667
50,09-06-2021,bitcoin,,2693435.0,7.25,2500.333,3063527.0,11360.2307692308
51,08-06-2021,bitcoin,,2682026.0,7.167,1923.583,3056135.0,9564.76923076923
52,07-06-2021,bitcoin,,2670240.0,7.364,1396.0,3049298.0,8439.75
53,06-06-2021,bitcoin,,2660141.0,7.545,1432.364,3043836.0,8058.08333333333
54,05-06-2021,bitcoin,,2644681.0,7.364,1362.909,3038452.0,7619.83333333333
55,04-06-2021,bitcoin,,2631778.0,7.417,1221.5,3032877.0,7310.84615384615
56,03-06-2021,bitcoin,,94249.0,6.364,1093.364,3026695.0,7475.33333333333
57,02-06-2021,bitcoin,,94059.0,5.818,1044.636,3017808.0,8229.08333333333
58,01-06-2021,bitcoin,,93867.0,6.727,1187.455,3011599.0,8622.08333333333
59,31-05-2021,bitcoin,,93717.0,6.75,1331.667,3006771.0,7849.15384615385
60,30-05-2021,bitcoin,,93524.0,6.417,1644.75,3001930.0,8243.53846153846
61,29-05-2021,bitcoin,,93245.0,6.636,1635.455,2996708.0,8725.58333333333
62,28-05-2021,bitcoin,,93009.0,6.364,1386.909,2991299.0,8727.08333333333
63,27-05-2021,bitcoin,,92837.0,6.667,1450.667,2985065.0,9189.46153846154
64,26-05-2021,bitcoin,,92599.0,6.545,1631.455,2978931.0,9708.25
65,25-05-2021,bitcoin,,92357.0,7.0,2018.0,2972193.0,11062.0769230769
66,24-05-2021,bitcoin,,92119.0,7.583,2008.75,2963367.0,12217.2307692308
67,23-05-2021,bitcoin,,91818.0,6.667,1826.25,2955844.0,13208.7692307692
68,22-05-2021,bitcoin,,91431.0,7.182,2062.0,2948526.0,12530.75
69,21-05-2021,bitcoin,,90993.0,7.182,2737.364,2941537.0,13398.75
70,20-05-2021,bitcoin,,90670.0,7.091,3647.545,2934519.0,14340.3333333333
71,19-05-2021,bitcoin,,90452.0,7.333,3031.167,2926370.0,12665.7692307692
72,18-05-2021,bitcoin,,90325.0,6.818,2770.091,2916211.0,14681.5833333333
73,17-05-2021,bitcoin,,90015.0,8.091,2390.455,2908715.0,14499.9166666667
74,16-05-2021,bitcoin,,89596.0,6.167,1431.917,2898873.0,9798.76923076923
75,15-05-2021,bitcoin,,89429.0,5.727,1773.182,2890557.0,9797.91666666667
76,14-05-2021,bitcoin,,89300.0,7.182,2457.909,2882569.0,12795.1666666667
77,13-05-2021,bitcoin,,89153.0,8.167,1717.0,2874106.0,11766.1538461538
78,12-05-2021,bitcoin,,88955.0,6.909,825.364,2865516.0,9041.66666666667
79,11-05-2021,bitcoin,,88799.0,7.182,825.909,2858855.0,9438.16666666667
80,10-05-2021,bitcoin,,88671.0,6.545,796.455,2851780.0,9162.91666666667
81,09-05-2021,bitcoin,,88541.0,6.167,783.083,2844834.0,8644.46153846154
82,08-05-2021,bitcoin,,88437.0,6.417,769.583,2837791.0,8600.76923076923
83,07-05-2021,bitcoin,,88299.0,6.75,753.833,2831314.0,8472.07692307692
84,06-05-2021,bitcoin,,88204.0,7.091,914.727,2825125.0,8526.5
85,05-05-2021,bitcoin,,88164.0,7.182,1082.727,2818845.0,8946.91666666667
86,04-05-2021,bitcoin,,88061.0,6.75,1184.417,2812249.0,9272.92307692308
87,03-05-2021,bitcoin,,87963.0,7.083,968.0,2806485.0,8754.30769230769
88,02-05-2021,bitcoin,,87866.0,6.818,933.909,2801234.0,8045.83333333333
89,01-05-2021,bitcoin,,87778.0,7.0,1016.25,2795987.0,8719.84615384615
90,30-04-2021,bitcoin,,87667.0,6.417,1071.417,2791433.0,10115.6923076923
91,29-04-2021,bitcoin,,87565.0,6.545,1073.0,2787863.0,9793.0
92,28-04-2021,bitcoin,,87448.0,6.0,1162.727,2783197.0,9036.5
93,27-04-2021,bitcoin,,87243.0,6.455,1508.636,2778363.0,9612.41666666667
94,26-04-2021,bitcoin,,87054.0,7.333,1398.583,2773232.0,9588.46153846154
95,25-04-2021,bitcoin,,86907.0,6.25,1282.083,2767825.0,9078.0
96,24-04-2021,bitcoin,,86737.0,7.0,1879.75,2762549.0,10957.2307692308
97,23-04-2021,bitcoin,,86551.0,7.417,1743.083,2757372.0,11527.3076923077
98,22-04-2021,bitcoin,,86354.0,6.75,1052.333,2749604.0,9935.0
99,21-04-2021,bitcoin,,86158.0,5.909,1045.545,2743178.0,9720.16666666667
100,20-04-2021,bitcoin,,86018.0,7.333,1443.833,2736742.0,10995.1538461538
101,19-04-2021,bitcoin,,85841.0,7.417,1556.833,2729116.0,11467.9230769231
102,18-04-2021,bitcoin,,85656.0,8.0,1305.091,2721176.0,11305.5
103,17-04-2021,bitcoin,,85410.0,7.273,1040.091,2712698.0,10803.3333333333
104,16-04-2021,bitcoin,,85328.0,7.2,1023.5,2705419.0,10025.3636363636
105,15-04-2021,bitcoin,,85219.0,6.3,1335.2,2698454.0,10326.5454545455
106,14-04-2021,bitcoin,,85118.0,6.083,1245.917,2694000.0,10626.1538461538
107,13-04-2021,bitcoin,,84968.0,7.455,1014.273,2689226.0,9253.25
108,12-04-2021,bitcoin,,84886.0,6.818,983.545,2685531.0,8063.08333333333
109,11-04-2021,bitcoin,,84806.0,7.091,1031.636,2682132.0,8462.75
110,10-04-2021,bitcoin,,84673.0,7.182,1040.636,2678786.0,8590.91666666667
111,09-04-2021,bitcoin,,84561.0,7.091,1027.273,2675650.0,8631.0
112,08-04-2021,bitcoin,,84475.0,7.5,954.417,2672756.0,8847.61538461538
113,07-04-2021,bitcoin,,84391.0,6.917,856.083,2669546.0,8357.92307692308
114,06-04-2021,bitcoin,,84259.0,7.091,883.091,2666008.0,8275.66666666667
115,05-04-2021,bitcoin,,84138.0,7.667,945.583,2662509.0,8469.69230769231
116,04-04-2021,bitcoin,,84047.0,6.833,1009.667,2658868.0,8655.61538461538
117,03-04-2021,bitcoin,,83927.0,5.75,1035.833,2655491.0,8661.76923076923
118,02-04-2021,bitcoin,,83825.0,6.25,1061.75,2652274.0,9055.92307692308
119,01-04-2021,bitcoin,,83714.0,6.917,1072.333,2648989.0,9113.07692307692
120,31-03-2021,bitcoin,,83546.0,7.0,1106.182,2645625.0,8430.08333333333
121,30-03-2021,bitcoin,,83248.0,6.909,1062.545,2642072.0,7465.75
122,29-03-2021,bitcoin,,83240.0,7.364,1118.273,2638652.0,7737.66666666667
123,28-03-2021,bitcoin,,83252.0,6.417,1023.25,2635171.0,9882.23076923077
124,27-03-2021,bitcoin,,83108.0,6.75,1225.583,2631828.0,10737.6153846154
125,26-03-2021,bitcoin,,82989.0,6.75,1507.833,2628718.0,11730.2307692308
126,25-03-2021,bitcoin,,82850.0,7.583,1590.5,2625266.0,11719.4615384615
127,24-03-2021,bitcoin,,82681.0,7.909,1501.091,2620995.0,10441.5
128,23-03-2021,bitcoin,,82580.0,6.364,1341.182,2617008.0,9362.0
129,22-03-2021,bitcoin,,82526.0,6.455,1117.545,2612998.0,8288.08333333333
130,21-03-2021,bitcoin,,82459.0,6.636,998.545,2609291.0,8120.25
131,20-03-2021,bitcoin,,82371.0,6.545,1117.727,2605077.0,8217.75
132,19-03-2021,bitcoin,,82312.0,6.455,1327.0,2601375.0,9392.41666666667
133,18-03-2021,bitcoin,,82271.0,6.636,1336.455,2597489.0,9795.25
134,17-03-2021,bitcoin,,81982.0,6.667,1429.0,2592915.0,9938.38461538462
135,16-03-2021,bitcoin,,82007.0,7.364,1621.455,2588123.0,11013.75
136,15-03-2021,bitcoin,,81922.0,6.182,1591.364,2583493.0,11466.4166666667
137,14-03-2021,bitcoin,,81852.0,6.333,1569.0,2578704.0,11695.7692307692
138,13-03-2021,bitcoin,,81771.0,6.917,1434.333,2573672.0,11618.3076923077
139,12-03-2021,bitcoin,,81738.0,6.727,1310.0,2569074.0,10636.1666666667
140,11-03-2021,bitcoin,,81666.0,7.25,1324.667,2565095.0,10288.5384615385
141,10-03-2021,bitcoin,,81586.0,6.583,1430.583,2560946.0,10447.1538461538
142,09-03-2021,bitcoin,,81449.0,6.5,1334.417,2556813.0,10813.9230769231
143,08-03-2021,bitcoin,,81316.0,6.417,1131.917,2552758.0,10248.0769230769
144,07-03-2021,bitcoin,,81278.0,7.083,1125.583,2549139.0,9546.15384615385
145,06-03-2021,bitcoin,,81230.0,6.583,1271.75,2545515.0,9318.92307692308
146,05-03-2021,bitcoin,,81194.0,6.364,1446.091,2542240.0,9850.16666666667
147,04-03-2021,bitcoin,,81158.0,6.667,1269.583,2538672.0,9690.23076923077
148,03-03-2021,bitcoin,,81094.0,6.75,1302.083,2534534.0,9744.84615384615
149,02-03-2021,bitcoin,,81032.0,6.818,1463.818,2529414.0,10285.4166666667
150,01-03-2021,bitcoin,,80941.0,7.5,1985.333,2523920.0,11588.2307692308
151,28-02-2021,bitcoin,,80880.0,6.167,1830.333,2518716.0,11430.6153846154
152,27-02-2021,bitcoin,,80840.0,6.25,1598.417,2513438.0,11213.3076923077
153,26-02-2021,bitcoin,,80764.0,6.364,1301.0,2506620.0,11169.25
154,25-02-2021,bitcoin,,80699.0,6.636,1912.909,2498058.0,12405.5833333333
155,24-02-2021,bitcoin,,80571.0,7.091,2341.455,2491129.0,16527.0
156,23-02-2021,bitcoin,,80402.0,7.667,1943.417,2484820.0,16727.4615384615
157,22-02-2021,bitcoin,,80286.0,7.583,1759.583,2476160.0,13715.2307692308
158,21-02-2021,bitcoin,,80178.0,6.727,1927.455,2467436.0,13386.0
159,20-02-2021,bitcoin,,80018.0,7.167,2331.167,2459588.0,14407.5384615385
160,19-02-2021,bitcoin,,79820.0,6.545,2099.818,2451142.0,14807.8333333333
161,18-02-2021,bitcoin,,79743.0,6.273,2069.545,2443662.0,13387.75
162,17-02-2021,bitcoin,,79624.0,8.273,1543.182,2435780.0,11110.3333333333
163,16-02-2021,bitcoin,,79533.0,8.091,1591.0,2428343.0,11216.25
164,15-02-2021,bitcoin,,79482.0,7.583,1451.417,2420706.0,11238.0769230769
165,14-02-2021,bitcoin,,79395.0,7.0,1261.273,2412692.0,12370.5833333333
166,13-02-2021,bitcoin,,79269.0,7.091,1366.273,2404337.0,12063.0
167,12-02-2021,bitcoin,,79137.0,7.333,1527.583,2395919.0,10679.7692307692
168,11-02-2021,bitcoin,,79069.0,6.667,1786.75,2386677.0,11588.6153846154
169,10-02-2021,bitcoin,,78994.0,6.0,2321.545,2374511.0,14039.25
170,09-02-2021,bitcoin,,78874.0,7.583,1960.0,2361579.0,15456.6153846154
171,08-02-2021,bitcoin,,78720.0,7.667,1260.417,2343229.0,12609.0769230769
172,07-02-2021,bitcoin,,78645.0,6.75,1269.583,2329173.0,10276.0769230769
173,06-02-2021,bitcoin,,78558.0,7.364,1413.091,2318481.0,10477.8333333333
174,05-02-2021,bitcoin,,78470.0,6.0,1418.545,2308083.0,9931.33333333333
175,04-02-2021,bitcoin,,78380.0,6.25,1156.667,2296831.0,9354.53846153846
176,03-02-2021,bitcoin,,78262.0,7.167,1033.917,2283686.0,8653.92307692308
177,02-02-2021,bitcoin,,78149.0,7.167,1111.75,2267073.0,8868.07692307692
178,01-02-2021,bitcoin,,78056.0,6.583,1200.083,2243246.0,10716.5384615385
179,31-01-2021,bitcoin,,77930.0,6.667,1316.583,2206877.0,11632.3076923077
180,30-01-2021,bitcoin,,77799.0,7.636,1426.273,2171060.0,12406.25
181,29-01-2021,bitcoin,,77655.0,8.0,1175.273,2128724.0,11258.0
182,28-01-2021,bitcoin,,77529.0,6.818,860.182,2056467.0,7961.75
183,27-01-2021,bitcoin,,77445.0,6.455,878.364,1999474.0,7282.75
184,26-01-2021,bitcoin,,77400.0,6.833,849.167,1974531.0,7476.23076923077
185,25-01-2021,bitcoin,,77356.0,7.545,792.182,1966978.0,7632.66666666667
186,24-01-2021,bitcoin,,77299.0,6.75,825.75,1962608.0,8152.15384615385
187,23-01-2021,bitcoin,,77224.0,6.083,1475.75,1958983.0,9035.69230769231
188,22-01-2021,bitcoin,,77122.0,6.727,1620.909,1955325.0,8954.58333333333
189,21-01-2021,bitcoin,,76982.0,6.5,922.167,1951871.0,7781.61538461538
190,20-01-2021,bitcoin,,76218.0,6.917,828.667,1949072.0,7223.0
191,19-01-2021,bitcoin,,76177.0,7.667,860.5,1946486.0,7109.92307692308
192,18-01-2021,bitcoin,,76119.0,7.091,846.091,1943818.0,7652.41666666667
193,17-01-2021,bitcoin,,76056.0,6.455,882.273,1940887.0,8091.41666666667
194,16-01-2021,bitcoin,,75879.0,6.091,1140.364,1937778.0,8313.58333333333
195,15-01-2021,bitcoin,,75796.0,6.667,1320.25,1934649.0,9460.0
196,14-01-2021,bitcoin,,75687.0,7.0,1465.167,1930600.0,9983.07692307692
197,13-01-2021,bitcoin,,75614.0,6.091,1626.818,1926861.0,10269.9166666667
198,12-01-2021,bitcoin,,75452.0,7.091,2301.091,1923096.0,14562.0
199,11-01-2021,bitcoin,,75218.0,7.727,1909.455,1918551.0,14690.6666666667
200,10-01-2021,bitcoin,,,6.273,1374.364,1911703.0,10570.0
201,09-01-2021,bitcoin,,75095.0,5.636,1544.455,1906556.0,11392.4166666667
202,08-01-2021,bitcoin,,75096.0,6.364,1889.636,1902084.0,13090.9166666667
203,07-01-2021,bitcoin,,75039.0,7.909,1471.636,1895998.0,12599.3333333333
204,06-01-2021,bitcoin,,74999.0,7.583,1380.333,1890953.0,10991.5384615385
205,05-01-2021,bitcoin,,74907.0,6.333,1521.417,1886619.0,12299.5384615385
206,04-01-2021,bitcoin,,74852.0,6.273,1683.091,1882431.0,14927.4166666667
207,03-01-2021,bitcoin,,74741.0,7.5,1610.667,1876520.0,14893.4615384615
208,02-01-2021,bitcoin,,74635.0,7.909,1083.818,1869546.0,11727.3333333333
209,01-01-2021,bitcoin,,74537.0,6.25,975.917,1864490.0,9021.53846153846
210,31-12-2020,bitcoin,,74532.0,6.75,936.0,1861930.0,8271.30769230769
211,30-12-2020,bitcoin,,74487.0,7.364,793.727,1858941.0,7555.08333333333
212,29-12-2020,bitcoin,,74479.0,7.182,859.091,1855829.0,7120.5
213,28-12-2020,bitcoin,,74435.0,6.333,995.333,1852850.0,8452.38461538462
214,27-12-2020,bitcoin,,74369.0,8.091,1003.273,1849495.0,8817.08333333333
215,26-12-2020,bitcoin,,74267.0,8.455,691.091,1845560.0,7985.83333333333
216,25-12-2020,bitcoin,,74212.0,7.273,714.091,1842800.0,7266.08333333333
217,24-12-2020,bitcoin,,74192.0,6.364,738.727,1840369.0,6448.0
218,23-12-2020,bitcoin,,74168.0,6.083,861.833,1837969.0,6593.23076923077
219,22-12-2020,bitcoin,,74113.0,6.182,849.636,1835273.0,7198.25
220,21-12-2020,bitcoin,,74101.0,6.333,878.5,1832811.0,7632.76923076923
221,20-12-2020,bitcoin,,74072.0,6.917,937.333,1830196.0,7121.69230769231
222,19-12-2020,bitcoin,,74023.0,6.364,1070.091,1827582.0,7041.41666666667
223,18-12-2020,bitcoin,,73999.0,5.833,1273.75,1825348.0,8944.15384615385
224,17-12-2020,bitcoin,,73939.0,7.417,916.75,1822964.0,8800.53846153846
225,16-12-2020,bitcoin,,73813.0,8.273,716.636,1819328.0,6901.5
226,15-12-2020,bitcoin,,73796.0,7.455,694.273,1816609.0,5832.0
227,14-12-2020,bitcoin,,73775.0,7.167,625.0,1814667.0,6190.69230769231
228,13-12-2020,bitcoin,,73748.0,6.667,574.583,1812827.0,6009.38461538462
229,12-12-2020,bitcoin,,73721.0,6.545,580.818,1810807.0,6052.25
230,11-12-2020,bitcoin,,73697.0,6.818,543.455,1809161.0,6081.0
231,10-12-2020,bitcoin,,73564.0,6.917,579.75,1807366.0,5998.76923076923
232,09-12-2020,bitcoin,,73566.0,7.167,587.25,1805529.0,6093.76923076923
233,08-12-2020,bitcoin,,,7.167,635.667,1803207.0,5897.46153846154
234,07-12-2020,bitcoin,,73518.0,7.167,619.667,1800925.0,5802.07692307692
235,06-12-2020,bitcoin,,73488.0,6.636,486.545,1799066.0,5747.0
236,05-12-2020,bitcoin,,73427.0,6.727,462.545,1797090.0,5616.16666666667
237,04-12-2020,bitcoin,,73276.0,6.909,546.727,1795334.0,6215.5
238,03-12-2020,bitcoin,,73253.0,7.167,587.333,1793586.0,6587.23076923077
239,02-12-2020,bitcoin,,73150.0,6.333,670.5,1791667.0,6789.76923076923
240,01-12-2020,bitcoin,,73011.0,7.333,621.75,1789515.0,6755.0
241,30-11-2020,bitcoin,,72980.0,8.091,557.636,1787328.0,5933.66666666667
242,29-11-2020,bitcoin,,72936.0,6.75,531.083,1785427.0,5734.23076923077
243,28-11-2020,bitcoin,,72894.0,6.545,587.455,1783432.0,6109.66666666667
244,27-11-2020,bitcoin,,72867.0,7.455,847.727,1781566.0,6833.41666666667
245,26-11-2020,bitcoin,,72855.0,7.364,878.364,1779477.0,7160.5
246,25-11-2020,bitcoin,,72825.0,7.455,647.455,1777174.0,7030.91666666667
247,24-11-2020,bitcoin,,72799.0,7.667,620.25,1775125.0,7023.30769230769
248,23-11-2020,bitcoin,,72784.0,7.25,617.5,1772855.0,6656.84615384615
249,22-11-2020,bitcoin,,72772.0,6.545,585.182,1770716.0,6840.16666666667
250,21-11-2020,bitcoin,,72753.0,7.0,602.0,1768733.0,6951.53846153846
251,20-11-2020,bitcoin,,72715.0,7.417,668.333,1766489.0,6865.07692307692
252,19-11-2020,bitcoin,,72716.0,6.833,713.0,1764627.0,7372.30769230769
253,18-11-2020,bitcoin,,72728.0,7.417,754.833,1762822.0,7361.92307692308
254,17-11-2020,bitcoin,,72703.0,7.583,580.167,1760510.0,6433.76923076923
255,16-11-2020,bitcoin,,72640.0,7.091,427.909,1758547.0,5422.83333333333
256,15-11-2020,bitcoin,,72629.0,6.455,402.182,1756484.0,4912.83333333333
257,14-11-2020,bitcoin,,72614.0,6.455,499.727,1754724.0,5647.16666666667
258,13-11-2020,bitcoin,,72615.0,7.636,535.818,1753266.0,5573.91666666667
259,12-11-2020,bitcoin,,72613.0,7.5,451.25,1751352.0,4724.23076923077
260,11-11-2020,bitcoin,,72619.0,6.455,334.909,1749674.0,4588.75
261,10-11-2020,bitcoin,,72617.0,6.727,366.273,1747658.0,4851.91666666667
262,09-11-2020,bitcoin,,72619.0,7.333,536.333,1746098.0,5327.76923076923
263,08-11-2020,bitcoin,,72611.0,7.25,547.667,1744283.0,5266.0
264,07-11-2020,bitcoin,,72626.0,6.091,586.636,1742710.0,5279.08333333333
265,06-11-2020,bitcoin,,72618.0,6.455,559.636,1741051.0,5770.33333333333
266,05-11-2020,bitcoin,,72616.0,7.333,397.083,1739315.0,5317.69230769231
267,04-11-2020,bitcoin,,72629.0,6.727,378.091,1737521.0,4568.08333333333
268,03-11-2020,bitcoin,,72636.0,6.818,316.182,1735780.0,4301.91666666667
269,02-11-2020,bitcoin,,72613.0,6.5,336.0,1733904.0,4276.76923076923
270,01-11-2020,bitcoin,,72611.0,6.75,340.583,1731957.0,4623.92307692308
271,31-10-2020,bitcoin,,72547.0,8.25,350.0,1729876.0,6572.69230769231
272,30-10-2020,bitcoin,,72525.0,7.182,363.727,1727989.0,8505.91666666667
273,29-10-2020,bitcoin,,72504.0,6.818,449.818,1726191.0,9523.41666666667
274,28-10-2020,bitcoin,,72488.0,7.0,472.167,1724398.0,8346.07692307692
275,27-10-2020,bitcoin,,72447.0,7.5,451.25,1722579.0,5881.15384615385
276,26-10-2020,bitcoin,,72402.0,7.5,470.917,1720291.0,4268.76923076923
277,25-10-2020,bitcoin,,72411.0,7.455,390.091,1718053.0,3893.83333333333
278,24-10-2020,bitcoin,,72389.0,6.545,365.0,1715749.0,3940.0
279,23-10-2020,bitcoin,,72385.0,5.818,538.727,1713599.0,4704.58333333333
280,22-10-2020,bitcoin,,72370.0,7.091,568.091,1711564.0,4978.91666666667
281,21-10-2020,bitcoin,,72333.0,7.667,413.833,1709269.0,4149.0
282,20-10-2020,bitcoin,,72305.0,7.083,322.083,1706809.0,3486.76923076923
283,19-10-2020,bitcoin,,72293.0,7.273,231.455,1704771.0,3260.33333333333
284,18-10-2020,bitcoin,,72301.0,6.909,216.818,1702550.0,2984.33333333333
285,17-10-2020,bitcoin,,72281.0,6.667,243.25,1700476.0,3133.46153846154
286,16-10-2020,bitcoin,,72247.0,6.636,268.0,1698589.0,3635.08333333333
287,15-10-2020,bitcoin,,72176.0,6.273,211.727,1696670.0,3760.16666666667
288,14-10-2020,bitcoin,,72105.0,6.545,248.091,1694761.0,3722.83333333333
289,13-10-2020,bitcoin,,72058.0,7.833,267.0,1692541.0,3701.84615384615
290,12-10-2020,bitcoin,,72046.0,7.727,250.727,1690369.0,3559.66666666667
291,11-10-2020,bitcoin,,72050.0,6.727,311.636,1688197.0,3879.5
292,10-10-2020,bitcoin,,72031.0,6.583,300.417,1686028.0,3836.76923076923
293,09-10-2020,bitcoin,,72025.0,8.167,265.25,1684472.0,3412.30769230769
294,08-10-2020,bitcoin,,72013.0,8.545,231.364,1682820.0,3132.58333333333
295,07-10-2020,bitcoin,,72011.0,7.636,228.182,1681090.0,3308.5
296,06-10-2020,bitcoin,,71993.0,6.417,296.0,1679590.0,3701.76923076923
297,05-10-2020,bitcoin,,72005.0,7.182,296.909,1678290.0,3819.75
298,04-10-2020,bitcoin,,72004.0,7.4,229.2,1676696.0,3614.63636363636
299,03-10-2020,bitcoin,,72004.0,7.182,211.455,1675417.0,3524.16666666667
300,02-10-2020,bitcoin,,72012.0,7.818,212.545,1673920.0,3700.58333333333
301,01-10-2020,bitcoin,,71912.0,7.667,211.5,1672691.0,4724.07692307692
302,30-09-2020,bitcoin,,71909.0,7.167,315.917,1671429.0,4911.46153846154
303,29-09-2020,bitcoin,,71908.0,7.455,346.545,1670033.0,4220.41666666667
304,28-09-2020,bitcoin,,71911.0,6.727,265.727,1668980.0,4185.91666666667
305,27-09-2020,bitcoin,,71904.0,6.545,202.545,1667403.0,3924.16666666667
306,26-09-2020,bitcoin,,71851.0,7.182,196.545,1665951.0,3847.91666666667
307,25-09-2020,bitcoin,,71828.0,7.083,211.083,1664514.0,3828.61538461538
308,24-09-2020,bitcoin,,71820.0,6.333,233.917,1663108.0,3671.38461538462
309,23-09-2020,bitcoin,,71823.0,7.0,217.545,1661750.0,3756.33333333333
310,22-09-2020,bitcoin,,71785.0,6.091,234.0,1659596.0,3692.08333333333
311,21-09-2020,bitcoin,,71789.0,6.364,226.0,1657165.0,3451.0
312,20-09-2020,bitcoin,,71775.0,5.75,221.917,1655185.0,3314.07692307692
313,19-09-2020,bitcoin,,71761.0,5.917,224.167,1652948.0,3545.46153846154
314,18-09-2020,bitcoin,,71761.0,6.727,240.0,1650657.0,3633.16666666667
315,17-09-2020,bitcoin,,71759.0,6.818,266.909,1648452.0,3762.33333333333
316,16-09-2020,bitcoin,,71749.0,7.091,207.636,1646104.0,3725.66666666667
317,15-09-2020,bitcoin,,71713.0,7.5,198.167,1643806.0,3747.23076923077
318,14-09-2020,bitcoin,,71705.0,6.917,220.75,1641534.0,3744.38461538462
319,13-09-2020,bitcoin,,71701.0,6.0,191.333,1638741.0,3417.46153846154
320,12-09-2020,bitcoin,,71664.0,7.273,213.818,1636833.0,3195.83333333333
321,11-09-2020,bitcoin,,71592.0,7.667,312.167,1634776.0,3362.69230769231
322,10-09-2020,bitcoin,,71528.0,6.545,295.0,1632664.0,3504.75
323,09-09-2020,bitcoin,,71530.0,6.909,233.818,1630404.0,3506.0
324,08-09-2020,bitcoin,,71491.0,7.833,316.417,1628338.0,3584.30769230769
325,07-09-2020,bitcoin,,71474.0,7.25,365.167,1625999.0,3676.84615384615
326,06-09-2020,bitcoin,,71463.0,7.583,316.583,1623521.0,3701.53846153846
327,05-09-2020,bitcoin,,71398.0,7.091,378.909,1621272.0,4069.16666666667
328,04-09-2020,bitcoin,,71356.0,7.0,382.833,1619058.0,4256.61538461538
329,03-09-2020,bitcoin,,71340.0,7.583,296.75,1616898.0,4131.30769230769
330,02-09-2020,bitcoin,,71324.0,7.273,274.545,1614692.0,3852.16666666667
331,01-09-2020,bitcoin,,71314.0,7.091,278.091,1612854.0,3839.41666666667
332,31-08-2020,bitcoin,,71313.0,6.818,258.182,1610433.0,3866.75
333,30-08-2020,bitcoin,,71316.0,6.545,204.818,1608094.0,3880.75
334,29-08-2020,bitcoin,,71302.0,7.25,244.75,1605754.0,3935.30769230769
335,28-08-2020,bitcoin,,71290.0,6.917,280.5,1603404.0,3824.0
336,27-08-2020,bitcoin,,71274.0,6.5,266.417,1600833.0,3875.30769230769
337,26-08-2020,bitcoin,,71251.0,6.364,210.727,1597981.0,3775.25
338,25-08-2020,bitcoin,,71234.0,6.455,236.364,1595430.0,3785.5
339,24-08-2020,bitcoin,,71245.0,7.0,273.417,1593055.0,3921.38461538462
340,23-08-2020,bitcoin,,71241.0,7.364,269.545,1590320.0,4042.0
341,22-08-2020,bitcoin,,71201.0,7.182,278.364,1587383.0,4214.58333333333
342,21-08-2020,bitcoin,,71187.0,6.917,262.417,1584634.0,4292.0
343,20-08-2020,bitcoin,,71169.0,7.583,297.167,1581969.0,4300.0
344,19-08-2020,bitcoin,,71151.0,6.75,346.417,1579360.0,4550.0
345,18-08-2020,bitcoin,,71141.0,6.818,403.364,1576649.0,4757.75
346,17-08-2020,bitcoin,,71117.0,6.727,369.364,1574113.0,4696.83333333333
347,16-08-2020,bitcoin,,71057.0,7.333,408.167,1571219.0,4499.23076923077
348,15-08-2020,bitcoin,,70938.0,7.636,474.0,1568811.0,4428.75
349,14-08-2020,bitcoin,,70865.0,7.417,404.5,1566273.0,4333.76923076923
350,13-08-2020,bitcoin,,70825.0,6.75,406.333,1563930.0,4421.38461538462
351,12-08-2020,bitcoin,,70727.0,6.182,367.455,1561553.0,4580.33333333333
352,11-08-2020,bitcoin,,70593.0,7.364,362.273,1558912.0,4893.0
353,10-08-2020,bitcoin,,70466.0,7.636,420.091,1556449.0,4722.83333333333
354,09-08-2020,bitcoin,,69871.0,7.417,475.75,1554585.0,4397.76923076923
355,08-08-2020,bitcoin,,68702.0,6.917,407.25,1552858.0,4478.07692307692
356,07-08-2020,bitcoin,,68697.0,6.333,351.5,1550917.0,4479.38461538462
357,06-08-2020,bitcoin,,68682.0,6.636,378.455,1548322.0,4524.75
358,05-08-2020,bitcoin,,68682.0,6.727,423.091,1546038.0,4446.75
359,04-08-2020,bitcoin,,68665.0,6.5,423.333,1544284.0,4616.46153846154
360,03-08-2020,bitcoin,,68660.0,6.833,487.333,1542422.0,5308.38461538462
361,02-08-2020,bitcoin,,68652.0,8.273,508.273,1540724.0,5503.25
362,01-08-2020,bitcoin,,68648.0,7.917,388.833,1538551.0,4863.0
363,31-07-2020,bitcoin,,68646.0,6.727,374.636,1536726.0,4508.91666666667
364,30-07-2020,bitcoin,,68648.0,7.091,461.636,1535175.0,4593.16666666667
365,29-07-2020,bitcoin,,68633.0,6.833,482.75,1533601.0,5366.23076923077
366,28-07-2020,bitcoin,,68627.0,7.091,491.182,1531872.0,5728.91666666667
367,27-07-2020,bitcoin,,68598.0,7.182,431.727,1529662.0,5047.0
368,26-07-2020,bitcoin,,68589.0,6.909,286.818,1527954.0,4200.33333333333
369,25-07-2020,bitcoin,,68586.0,7.333,284.667,1526005.0,3756.0
370,24-07-2020,bitcoin,,68578.0,7.417,355.667,1524670.0,3793.61538461538
371,23-07-2020,bitcoin,,68586.0,7.167,318.083,1523308.0,3891.46153846154
372,22-07-2020,bitcoin,,68581.0,7.167,276.333,1521745.0,3688.30769230769
373,21-07-2020,bitcoin,,68578.0,6.636,234.909,1520131.0,3927.25
374,20-07-2020,bitcoin,,68568.0,7.091,259.455,1518936.0,3686.25
375,19-07-2020,bitcoin,,68551.0,6.667,236.167,1517623.0,3090.46153846154
376,18-07-2020,bitcoin,,68549.0,7.273,213.364,1516345.0,3236.5
377,17-07-2020,bitcoin,,68542.0,6.364,255.909,1514915.0,3423.16666666667
378,16-07-2020,bitcoin,,68530.0,8.25,213.667,1513561.0,3864.61538461538
379,15-07-2020,bitcoin,,68528.0,7.083,219.0,1512020.0,3629.07692307692
380,14-07-2020,bitcoin,,68546.0,7.909,243.364,1510354.0,3124.0
381,13-07-2020,bitcoin,,68551.0,8.417,262.917,1509221.0,3338.30769230769
382,12-07-2020,bitcoin,,68541.0,7.364,219.091,1507303.0,3205.08333333333
383,11-07-2020,bitcoin,,68561.0,7.545,228.455,1505493.0,2841.25
384,10-07-2020,bitcoin,,68545.0,7.5,247.167,1504036.0,3153.30769230769
385,09-07-2020,bitcoin,,68537.0,7.667,180.667,1502568.0,3524.0
386,08-07-2020,bitcoin,,68549.0,8.167,203.667,1501154.0,3291.69230769231
387,07-07-2020,bitcoin,,68556.0,7.583,246.333,1499758.0,3138.53846153846
388,06-07-2020,bitcoin,,68545.0,7.833,231.667,1498479.0,3841.69230769231
389,05-07-2020,bitcoin,,68549.0,7.417,220.25,1497035.0,3994.38461538462
390,04-07-2020,bitcoin,,68542.0,7.364,249.636,1495733.0,4108.66666666667
391,03-07-2020,bitcoin,,68554.0,7.167,269.833,1494585.0,4307.76923076923
392,02-07-2020,bitcoin,,68565.0,7.25,258.917,1493370.0,3919.0
393,01-07-2020,bitcoin,,68575.0,7.091,269.091,1492010.0,3663.41666666667
394,30-06-2020,bitcoin,,68585.0,7.545,274.909,1490722.0,3732.83333333333
395,29-06-2020,bitcoin,,68589.0,7.583,351.583,1489428.0,3643.53846153846
396,28-06-2020,bitcoin,,68591.0,6.75,333.917,1487975.0,3942.53846153846
397,27-06-2020,bitcoin,,68598.0,5.75,247.5,1486570.0,4082.46153846154
398,26-06-2020,bitcoin,,68610.0,6.636,322.727,1485326.0,4233.75
399,25-06-2020,bitcoin,,68615.0,6.909,282.182,1483378.0,4047.66666666667
400,24-06-2020,bitcoin,,68617.0,7.333,276.417,1482311.0,4313.0
401,23-06-2020,bitcoin,,68625.0,7.091,284.273,1480978.0,4154.0
402,22-06-2020,bitcoin,,68617.0,7.25,319.167,1479392.0,3908.23076923077
403,21-06-2020,bitcoin,,68627.0,7.083,335.5,1477970.0,3719.0
404,20-06-2020,bitcoin,,68646.0,7.0,321.25,1476731.0,3744.0
405,19-06-2020,bitcoin,,68655.0,7.909,370.0,1475425.0,3850.91666666667
406,18-06-2020,bitcoin,,68668.0,7.273,284.273,1474422.0,3812.83333333333
407,17-06-2020,bitcoin,,68665.0,7.167,312.833,1473167.0,3775.76923076923
408,16-06-2020,bitcoin,,68654.0,7.75,351.917,1471795.0,4007.15384615385
409,15-06-2020,bitcoin,,68656.0,7.455,308.182,1470353.0,3886.08333333333
410,14-06-2020,bitcoin,,68643.0,6.667,297.667,1469010.0,3785.15384615385
411,13-06-2020,bitcoin,,68660.0,6.25,331.833,1467471.0,4055.30769230769
412,12-06-2020,bitcoin,,68662.0,6.909,410.545,1466215.0,4081.41666666667
413,11-06-2020,bitcoin,,68660.0,7.909,381.364,1464547.0,4125.0
414,10-06-2020,bitcoin,,68668.0,7.75,287.0,1463125.0,4200.23076923077
415,09-06-2020,bitcoin,,68684.0,7.333,346.0,1461821.0,4146.38461538462
416,08-06-2020,bitcoin,,68695.0,6.273,501.364,1460327.0,3960.66666666667
417,07-06-2020,bitcoin,,68708.0,6.818,441.364,1458790.0,4489.41666666667
418,06-06-2020,bitcoin,,68712.0,7.167,369.417,1457053.0,4965.0
419,05-06-2020,bitcoin,,68723.0,6.833,359.0,1455330.0,4542.23076923077
420,04-06-2020,bitcoin,,68716.0,7.417,430.917,1453725.0,4373.30769230769
421,03-06-2020,bitcoin,,68714.0,7.75,535.0,1452032.0,4769.0
422,02-06-2020,bitcoin,,68729.0,8.0,404.25,1450531.0,4498.69230769231
423,01-06-2020,bitcoin,,68726.0,7.364,356.364,1448769.0,4199.83333333333
424,31-05-2020,bitcoin,,68717.0,7.364,352.909,1447150.0,5101.08333333333
425,30-05-2020,bitcoin,,68713.0,6.75,337.167,1445668.0,5260.30769230769
426,29-05-2020,bitcoin,,68713.0,6.417,391.083,1444617.0,5028.92307692308
427,28-05-2020,bitcoin,,68726.0,7.0,467.727,1443010.0,5316.66666666667
428,27-05-2020,bitcoin,,68749.0,7.364,664.545,1441710.0,5768.58333333333
429,26-05-2020,bitcoin,,68751.0,8.455,642.455,1439992.0,5889.08333333333
430,25-05-2020,bitcoin,,68746.0,8.909,419.273,1438347.0,5707.66666666667
431,24-05-2020,bitcoin,,68748.0,7.364,268.0,1436727.0,5422.66666666667
432,23-05-2020,bitcoin,,68760.0,7.417,478.75,1435122.0,5832.69230769231
433,22-05-2020,bitcoin,,68779.0,7.0,563.833,1433789.0,6527.76923076923
434,21-05-2020,bitcoin,,68802.0,7.75,494.583,1432146.0,6350.0
435,20-05-2020,bitcoin,,68794.0,8.667,516.583,1430471.0,6199.07692307692
436,19-05-2020,bitcoin,,68783.0,7.727,514.182,1428840.0,6221.33333333333
437,18-05-2020,bitcoin,,68777.0,7.0,486.455,1427078.0,6191.66666666667
438,17-05-2020,bitcoin,,68773.0,6.909,427.818,1425385.0,6447.5
439,16-05-2020,bitcoin,,68764.0,6.75,498.583,1423600.0,6835.61538461538
440,15-05-2020,bitcoin,,68771.0,6.917,504.667,1421748.0,7069.38461538462
441,14-05-2020,bitcoin,,68760.0,7.818,451.818,1419849.0,6998.66666666667
442,13-05-2020,bitcoin,,68754.0,7.091,474.364,1418053.0,7489.0
443,12-05-2020,bitcoin,,68761.0,8.636,625.364,1416174.0,8519.33333333333
444,11-05-2020,bitcoin,,68749.0,8.909,680.909,1413497.0,9061.5
445,10-05-2020,bitcoin,,68742.0,8.0,534.091,1411406.0,7846.41666666667
446,09-05-2020,bitcoin,,68745.0,7.0,593.083,1409478.0,7228.30769230769
447,08-05-2020,bitcoin,,68748.0,7.583,715.083,1407646.0,7054.53846153846
448,07-05-2020,bitcoin,,68739.0,7.0,381.167,1405803.0,6245.23076923077
449,06-05-2020,bitcoin,,68746.0,7.0,372.636,1403728.0,5726.0
450,05-05-2020,bitcoin,,68733.0,7.727,374.909,1402053.0,5811.5
451,04-05-2020,bitcoin,,68735.0,8.182,412.364,1400234.0,6582.25
452,03-05-2020,bitcoin,,68743.0,7.25,365.75,1398464.0,6925.0
453,02-05-2020,bitcoin,,68748.0,7.182,377.455,1396934.0,6653.08333333333
454,01-05-2020,bitcoin,,68743.0,6.727,454.273,1395487.0,6321.83333333333
455,30-04-2020,bitcoin,,68735.0,7.545,492.0,1393602.0,6479.83333333333
456,29-04-2020,bitcoin,,68739.0,8.583,384.833,1391560.0,6241.84615384615
457,28-04-2020,bitcoin,,68739.0,7.5,320.083,1389824.0,5561.23076923077
458,27-04-2020,bitcoin,,68744.0,7.333,327.583,1388385.0,5727.23076923077
459,26-04-2020,bitcoin,,68739.0,7.417,294.0,1386642.0,5387.23076923077
460,25-04-2020,bitcoin,,68733.0,7.455,279.636,1385127.0,5057.16666666667
461,24-04-2020,bitcoin,,68711.0,7.917,319.667,1383635.0,5841.53846153846
462,23-04-2020,bitcoin,,68717.0,8.333,284.417,1382262.0,5771.07692307692
463,22-04-2020,bitcoin,,68720.0,7.364,244.545,1380894.0,5399.0
464,21-04-2020,bitcoin,,68733.0,7.75,315.333,1379576.0,5570.84615384615
465,20-04-2020,bitcoin,,68750.0,8.417,346.833,1377879.0,5517.92307692308
466,19-04-2020,bitcoin,,68763.0,7.818,345.818,1376404.0,5527.5
467,18-04-2020,bitcoin,,68757.0,6.727,316.0,1374653.0,5613.25
468,17-04-2020,bitcoin,,68768.0,6.667,335.583,1373165.0,5626.69230769231
469,16-04-2020,bitcoin,,68776.0,7.5,321.917,1371720.0,5340.15384615385
470,15-04-2020,bitcoin,,68780.0,7.667,358.583,1370288.0,4978.84615384615
471,14-04-2020,bitcoin,,68768.0,7.727,334.091,1368452.0,5451.91666666667
472,13-04-2020,bitcoin,,68764.0,7.818,285.455,1366540.0,5551.5
473,12-04-2020,bitcoin,,68756.0,8.75,264.0,1364683.0,5153.92307692308
474,11-04-2020,bitcoin,,68761.0,8.0,275.636,1363213.0,5108.41666666667
475,10-04-2020,bitcoin,,68763.0,7.25,293.333,1361569.0,6887.15384615385
476,09-04-2020,bitcoin,,68766.0,7.5,288.833,1359590.0,7277.0
477,08-04-2020,bitcoin,,68770.0,7.091,301.273,1358131.0,6410.75
478,07-04-2020,bitcoin,,68760.0,7.636,296.818,1356610.0,6766.33333333333
479,06-04-2020,bitcoin,,68763.0,7.667,252.417,1354891.0,6567.46153846154
480,05-04-2020,bitcoin,,68774.0,7.182,239.273,1353089.0,6617.41666666667
481,04-04-2020,bitcoin,,68778.0,7.455,232.818,1351490.0,6392.75
482,03-04-2020,bitcoin,,68791.0,7.417,268.5,1349894.0,6194.15384615385
483,02-04-2020,bitcoin,,68793.0,7.167,304.25,1348218.0,6032.38461538462
484,01-04-2020,bitcoin,,68805.0,7.25,258.833,1346756.0,5961.84615384615
485,31-03-2020,bitcoin,,68805.0,7.727,305.091,1345116.0,5894.75
486,30-03-2020,bitcoin,,68807.0,7.727,362.364,1343591.0,5216.08333333333
487,29-03-2020,bitcoin,,68806.0,7.909,422.364,1342131.0,5351.33333333333
488,28-03-2020,bitcoin,,68803.0,7.333,401.417,1340493.0,5416.38461538462
489,27-03-2020,bitcoin,,68822.0,7.5,353.583,1338753.0,5092.15384615385
490,26-03-2020,bitcoin,,68836.0,7.25,338.75,1336962.0,5160.46153846154
491,25-03-2020,bitcoin,,68859.0,6.818,331.545,1335019.0,5382.5
492,24-03-2020,bitcoin,,68868.0,7.333,343.25,1333252.0,5468.69230769231
493,23-03-2020,bitcoin,,68869.0,7.667,319.667,1331636.0,5626.53846153846
494,22-03-2020,bitcoin,,68881.0,6.545,296.545,1330158.0,5782.08333333333
495,21-03-2020,bitcoin,,68875.0,7.0,355.818,1328590.0,6186.08333333333
496,20-03-2020,bitcoin,,68873.0,7.364,403.364,1327048.0,6302.33333333333
497,19-03-2020,bitcoin,,68879.0,7.091,438.0,1325560.0,5824.5
498,18-03-2020,bitcoin,,68892.0,7.75,413.833,1323939.0,5715.07692307692
499,17-03-2020,bitcoin,,68912.0,8.455,542.455,1322422.0,6387.33333333333
500,16-03-2020,bitcoin,,68922.0,8.6,589.1,1321135.0,6525.45454545455
501,15-03-2020,bitcoin,,68920.0,6.833,548.25,1319578.0,6144.15384615385
502,14-03-2020,bitcoin,,68920.0,6.727,770.545,1318024.0,7615.33333333333
503,13-03-2020,bitcoin,,68911.0,8.364,878.0,1316681.0,7963.41666666667
504,12-03-2020,bitcoin,,68908.0,8.818,434.273,1314697.0,6075.66666666667
505,11-03-2020,bitcoin,,68901.0,8.818,338.364,1313308.0,5060.41666666667
506,10-03-2020,bitcoin,,68903.0,7.917,399.083,1312383.0,5099.23076923077
507,09-03-2020,bitcoin,,68910.0,7.909,344.0,1311097.0,5265.0
508,08-03-2020,bitcoin,,68905.0,7.727,234.455,1309822.0,4976.41666666667
509,07-03-2020,bitcoin,,68913.0,6.818,241.818,1308545.0,5094.83333333333
510,06-03-2020,bitcoin,,68910.0,7.917,277.833,1307439.0,5388.92307692308
511,05-03-2020,bitcoin,,68905.0,8.909,258.727,1306338.0,5173.83333333333
512,04-03-2020,bitcoin,,68912.0,8.25,230.917,1305131.0,4620.84615384615
513,03-03-2020,bitcoin,,68912.0,7.833,270.833,1303941.0,4629.46153846154
514,02-03-2020,bitcoin,,68921.0,6.727,251.727,1302727.0,4792.25
515,01-03-2020,bitcoin,,68920.0,6.364,282.818,1301543.0,4951.75
516,29-02-2020,bitcoin,,68925.0,7.273,349.455,1300196.0,5011.75
517,28-02-2020,bitcoin,,68929.0,7.083,333.667,1298949.0,5111.38461538462
518,27-02-2020,bitcoin,,68938.0,6.5,339.417,1297819.0,5230.23076923077
519,26-02-2020,bitcoin,,68942.0,6.083,299.417,1296556.0,5110.38461538462
520,25-02-2020,bitcoin,,68934.0,6.091,324.364,1295345.0,4916.75
521,24-02-2020,bitcoin,,68931.0,6.455,325.818,1294327.0,4981.25
522,23-02-2020,bitcoin,,68920.0,6.364,312.182,1293027.0,5025.58333333333
523,22-02-2020,bitcoin,,68914.0,6.0,249.273,1291882.0,5024.75
524,21-02-2020,bitcoin,,68914.0,7.75,291.583,1290791.0,5024.92307692308
525,20-02-2020,bitcoin,,68917.0,7.455,326.909,1289411.0,4871.66666666667
526,19-02-2020,bitcoin,,68921.0,8.0,393.333,1288274.0,4874.07692307692
527,18-02-2020,bitcoin,,68920.0,8.083,411.167,1286997.0,4889.46153846154
528,17-02-2020,bitcoin,,68932.0,6.727,350.545,1285836.0,4668.5
529,16-02-2020,bitcoin,,68941.0,6.083,330.667,1284727.0,4939.07692307692
530,15-02-2020,bitcoin,,68938.0,6.083,376.417,1283470.0,5008.53846153846
531,14-02-2020,bitcoin,,68937.0,5.667,362.0,1282442.0,4842.92307692308
532,13-02-2020,bitcoin,,68929.0,6.0,325.636,1281412.0,4835.75
533,12-02-2020,bitcoin,,68930.0,7.0,317.273,1280091.0,6045.5
534,11-02-2020,bitcoin,,68937.0,7.333,326.083,1278925.0,7595.61538461538
535,10-02-2020,bitcoin,,68938.0,6.727,385.364,1277749.0,7866.0
536,09-02-2020,bitcoin,,68881.0,7.25,348.583,1276602.0,6883.69230769231
537,08-02-2020,bitcoin,,68761.0,7.5,289.333,1275305.0,5430.38461538462
538,07-02-2020,bitcoin,,68764.0,7.273,292.273,1274160.0,4989.58333333333
539,06-02-2020,bitcoin,,68766.0,6.818,268.727,1273029.0,4929.83333333333
540,05-02-2020,bitcoin,,68767.0,6.364,229.273,1271851.0,4807.58333333333
541,04-02-2020,bitcoin,,68762.0,7.0,202.636,1270830.0,4833.41666666667
542,03-02-2020,bitcoin,,68754.0,7.455,233.909,1269755.0,6605.75
543,02-02-2020,bitcoin,,68582.0,6.167,265.167,1268557.0,8010.53846153846
544,01-02-2020,bitcoin,,68531.0,6.25,291.75,1267351.0,7202.84615384615
545,31-01-2020,bitcoin,,68537.0,8.0,446.091,1266501.0,6583.33333333333
546,30-01-2020,bitcoin,,68543.0,7.0,437.417,1265322.0,5538.46153846154
547,29-01-2020,bitcoin,,68538.0,7.167,343.0,1264237.0,5059.84615384615
548,28-01-2020,bitcoin,,68546.0,7.273,289.727,1263087.0,5075.25
549,27-01-2020,bitcoin,,68546.0,6.182,251.273,1262063.0,5554.16666666667
550,26-01-2020,bitcoin,,68547.0,6.167,247.833,1261066.0,6049.53846153846
551,25-01-2020,bitcoin,,68545.0,6.091,260.636,1260098.0,7280.16666666667
552,24-01-2020,bitcoin,,68563.0,6.25,313.333,1259121.0,7021.92307692308
553,23-01-2020,bitcoin,,68558.0,6.417,312.833,1257924.0,5650.76923076923
554,22-01-2020,bitcoin,,68522.0,6.818,346.091,1256827.0,4813.41666666667
555,21-01-2020,bitcoin,,68488.0,6.5,343.583,1255846.0,4750.84615384615
556,20-01-2020,bitcoin,,68459.0,6.75,363.0,1254677.0,4930.15384615385
557,19-01-2020,bitcoin,,68452.0,6.818,366.727,1253520.0,5032.25
558,18-01-2020,bitcoin,,68450.0,6.917,340.167,1252271.0,4767.69230769231
559,17-01-2020,bitcoin,,68466.0,7.167,345.417,1251165.0,4499.15384615385
560,16-01-2020,bitcoin,,68462.0,6.182,321.909,1250251.0,4522.41666666667
561,15-01-2020,bitcoin,,68464.0,6.727,319.727,1249203.0,4615.16666666667
562,14-01-2020,bitcoin,,68470.0,7.182,350.636,1247998.0,4464.25
563,13-01-2020,bitcoin,,68458.0,6.5,298.917,1246874.0,4210.23076923077
564,12-01-2020,bitcoin,,68430.0,6.727,283.0,1245806.0,4570.83333333333
565,11-01-2020,bitcoin,,68302.0,6.667,292.417,1244690.0,5191.53846153846
566,10-01-2020,bitcoin,,68304.0,7.636,243.818,1243537.0,5704.08333333333
567,09-01-2020,bitcoin,,68302.0,7.364,361.273,1242532.0,6428.91666666667
568,08-01-2020,bitcoin,,68313.0,7.083,393.25,1241141.0,6465.84615384615
569,07-01-2020,bitcoin,,68319.0,7.273,304.091,1239677.0,5844.0
570,06-01-2020,bitcoin,,68331.0,6.917,336.0,1238301.0,5364.15384615385
571,05-01-2020,bitcoin,,68333.0,6.667,338.083,1236805.0,5068.69230769231
572,04-01-2020,bitcoin,,68337.0,6.909,336.909,1235656.0,4584.25
573,03-01-2020,bitcoin,,68342.0,7.455,277.909,1234600.0,4966.58333333333
574,02-01-2020,bitcoin,,68363.0,6.667,246.75,1233483.0,5146.84615384615
575,01-01-2020,bitcoin,,68375.0,7.182,262.727,1232212.0,4778.41666666667
576,31-12-2019,bitcoin,,68380.0,7.0,262.5,1231212.0,5220.61538461538
577,30-12-2019,bitcoin,,68410.0,6.0,199.182,1230178.0,5460.66666666667
578,29-12-2019,bitcoin,,68417.0,6.455,179.273,1228807.0,4826.08333333333
579,28-12-2019,bitcoin,,68414.0,7.25,283.667,1227651.0,5066.0
580,27-12-2019,bitcoin,,68416.0,7.5,351.75,1226707.0,4789.84615384615
581,26-12-2019,bitcoin,,68426.0,6.909,248.545,1225614.0,4407.16666666667
582,25-12-2019,bitcoin,,68419.0,6.273,242.182,1224666.0,3934.33333333333
583,24-12-2019,bitcoin,,68418.0,6.727,246.0,1223666.0,4356.58333333333
584,23-12-2019,bitcoin,,68419.0,7.167,214.917,1222776.0,4391.15384615385
585,22-12-2019,bitcoin,,68412.0,7.167,259.75,1221751.0,4232.38461538462
586,21-12-2019,bitcoin,,68422.0,7.455,276.364,1220735.0,4272.16666666667
587,20-12-2019,bitcoin,,68426.0,7.636,263.273,1219890.0,4446.91666666667
588,19-12-2019,bitcoin,,68431.0,7.167,336.833,1218930.0,4984.23076923077
589,18-12-2019,bitcoin,,68436.0,7.25,393.667,1217798.0,4943.61538461538
590,17-12-2019,bitcoin,,68435.0,6.727,376.364,1216922.0,4589.33333333333
591,16-12-2019,bitcoin,,68458.0,6.545,330.545,1215996.0,4393.91666666667
592,15-12-2019,bitcoin,,68472.0,7.417,257.667,1214915.0,4218.53846153846
593,14-12-2019,bitcoin,,68465.0,6.833,263.75,1213949.0,4248.46153846154
594,13-12-2019,bitcoin,,68472.0,7.583,253.25,1213122.0,4546.46153846154
595,12-12-2019,bitcoin,,68471.0,7.182,246.818,1211845.0,4600.08333333333
596,11-12-2019,bitcoin,,68479.0,6.5,283.25,1210858.0,4353.38461538462
597,10-12-2019,bitcoin,,68507.0,7.091,233.273,1209886.0,4465.58333333333
598,09-12-2019,bitcoin,,68458.0,7.182,193.818,1209129.0,4636.83333333333
599,08-12-2019,bitcoin,,68452.0,7.0,247.75,1207921.0,4599.53846153846
600,07-12-2019,bitcoin,,68459.0,7.364,321.455,1207142.0,4759.66666666667
601,06-12-2019,bitcoin,,68459.0,7.091,382.364,1206187.0,4677.25
602,05-12-2019,bitcoin,,68459.0,7.167,402.167,1205405.0,4775.84615384615
603,04-12-2019,bitcoin,,68468.0,7.091,350.273,1204372.0,4940.16666666667
604,03-12-2019,bitcoin,,68481.0,7.818,364.182,1203396.0,5027.41666666667
605,02-12-2019,bitcoin,,68529.0,5.929,297.786,1202313.0,5187.66666666667
606,01-12-2019,bitcoin,,68528.0,4.8,282.533,1201386.0,5212.5625
607,30-11-2019,bitcoin,,68531.0,8.7,334.1,1200314.0,5025.0
608,29-11-2019,bitcoin,,68543.0,9.5,302.1,1199052.0,5092.72727272727
609,28-11-2019,bitcoin,,68542.0,8.091,314.455,1198502.0,5217.83333333333
610,27-11-2019,bitcoin,,68551.0,6.667,247.0,1197357.0,4944.5625
611,26-11-2019,bitcoin,,68553.0,4.947,200.263,1196487.0,4338.3
612,25-11-2019,bitcoin,,68546.0,4.429,193.905,1195546.0,3791.04545454545
613,24-11-2019,bitcoin,,68548.0,4.563,206.563,1194664.0,3574.94117647059
614,23-11-2019,bitcoin,,68544.0,7.636,436.818,1193574.0,4081.16666666667
615,22-11-2019,bitcoin,,68552.0,8.0,363.727,1192543.0,4102.33333333333
616,21-11-2019,bitcoin,,68537.0,6.5,248.25,1191683.0,3672.76923076923
617,20-11-2019,bitcoin,,68549.0,6.429,227.357,1190720.0,3557.33333333333
618,19-11-2019,bitcoin,,68556.0,5.933,231.933,1189944.0,3764.9375
619,18-11-2019,bitcoin,,68564.0,5.375,223.625,1189011.0,3812.94117647059
620,17-11-2019,bitcoin,,68562.0,6.077,248.154,1188462.0,3744.35714285714
621,16-11-2019,bitcoin,,68565.0,6.923,211.769,1187881.0,3604.35714285714
622,15-11-2019,bitcoin,,68562.0,6.786,250.571,1187169.0,3196.86666666667
623,14-11-2019,bitcoin,,68563.0,6.538,326.308,1186528.0,3061.28571428571
624,13-11-2019,bitcoin,,68621.0,6.143,322.571,1185739.0,3036.13333333333
625,12-11-2019,bitcoin,,68627.0,5.625,245.875,1184985.0,3120.82352941176
626,11-11-2019,bitcoin,,68659.0,5.933,229.267,1184047.0,3227.5625
627,10-11-2019,bitcoin,,68667.0,5.688,224.063,1183515.0,3151.64705882353
628,09-11-2019,bitcoin,,68662.0,5.111,241.944,1182648.0,3092.84210526316
629,08-11-2019,bitcoin,,68664.0,6.429,315.929,1181991.0,3093.33333333333
630,07-11-2019,bitcoin,,68665.0,6.545,272.727,1181229.0,3381.41666666667
631,06-11-2019,bitcoin,,68681.0,6.2,323.333,1180526.0,3987.25
632,05-11-2019,bitcoin,,,6.714,325.571,1179637.0,3887.6
633,04-11-2019,bitcoin,,68688.0,6.643,221.071,1178863.0,3281.6
634,03-11-2019,bitcoin,,68691.0,6.583,243.333,1177982.0,3066.53846153846
635,02-11-2019,bitcoin,,68692.0,6.364,213.818,1177046.0,3307.66666666667
636,01-11-2019,bitcoin,,68676.0,5.5,219.25,1176253.0,3614.52941176471
637,31-10-2019,bitcoin,,,5.6,296.467,1175699.0,3666.9375
638,30-10-2019,bitcoin,,68665.0,6.429,336.714,1174866.0,3870.13333333333
639,29-10-2019,bitcoin,,68674.0,6.286,318.5,1174112.0,4099.6
640,28-10-2019,bitcoin,,68691.0,5.867,325.933,1173135.0,4065.25
641,27-10-2019,bitcoin,,68694.0,4.625,342.063,1172367.0,4699.23529411765
642,26-10-2019,bitcoin,,68690.0,5.5,397.429,1171541.0,4720.73333333333
643,25-10-2019,bitcoin,,,6.6,412.2,1170674.0,3938.6875
644,24-10-2019,bitcoin,,68684.0,6.0,329.941,1170056.0,3992.0
645,23-10-2019,bitcoin,,68686.0,6.118,214.706,1169316.0,3733.0
646,22-10-2019,bitcoin,,68677.0,5.471,196.059,1168359.0,3419.0
647,21-10-2019,bitcoin,,68675.0,5.0,183.882,1167515.0,3557.16666666667
648,20-10-2019,bitcoin,,68679.0,5.176,187.412,1166693.0,3282.38888888889
649,19-10-2019,bitcoin,,68644.0,5.875,252.188,1165927.0,3122.11764705882
650,18-10-2019,bitcoin,,68621.0,5.875,253.063,1165213.0,3236.82352941176
651,17-10-2019,bitcoin,,68618.0,6.059,211.941,1164499.0,3249.27777777778
652,16-10-2019,bitcoin,,68606.0,5.706,185.765,1163652.0,3285.5
653,15-10-2019,bitcoin,,68617.0,5.833,197.278,1162998.0,3163.10526315789
654,14-10-2019,bitcoin,,68628.0,4.895,170.316,1162250.0,3053.95
655,13-10-2019,bitcoin,,68629.0,5.056,201.833,1161530.0,3151.31578947368
656,12-10-2019,bitcoin,,68631.0,4.889,209.389,1160823.0,3338.05263157895
657,11-10-2019,bitcoin,,68617.0,5.933,251.467,1160313.0,3363.375
658,10-10-2019,bitcoin,,68620.0,5.929,218.286,1159722.0,3601.2
659,09-10-2019,bitcoin,,68740.0,5.235,192.941,1159007.0,3496.83333333333
660,08-10-2019,bitcoin,,68777.0,5.765,204.882,1158127.0,3311.55555555556
661,07-10-2019,bitcoin,,68786.0,5.647,201.118,1157509.0,3242.94444444444
662,06-10-2019,bitcoin,,68798.0,4.706,236.0,1156725.0,3073.22222222222
663,05-10-2019,bitcoin,,68800.0,5.059,287.059,1155975.0,3201.05555555556
664,04-10-2019,bitcoin,,68809.0,6.438,308.0,1155257.0,3315.70588235294
665,03-10-2019,bitcoin,,68805.0,5.25,223.375,1154332.0,3254.94117647059
666,02-10-2019,bitcoin,,68795.0,5.563,248.188,1153666.0,3226.64705882353
667,01-10-2019,bitcoin,,68794.0,5.688,254.875,1152970.0,3420.11764705882
668,30-09-2019,bitcoin,,68784.0,6.5,270.375,1152208.0,3457.41176470588
669,29-09-2019,bitcoin,,68788.0,5.563,236.875,1151422.0,3343.94117647059
670,28-09-2019,bitcoin,,68797.0,5.813,305.625,1150633.0,3451.35294117647
671,27-09-2019,bitcoin,,68811.0,5.529,336.412,1149794.0,3671.16666666667
672,26-09-2019,bitcoin,,68802.0,4.611,328.056,1149004.0,3974.26315789474
673,25-09-2019,bitcoin,,68804.0,5.353,338.059,1148120.0,4096.05555555556
674,24-09-2019,bitcoin,,68794.0,4.941,234.235,1147059.0,3791.72222222222
675,23-09-2019,bitcoin,,68792.0,4.6,213.75,1146246.0,3525.66666666667
676,22-09-2019,bitcoin,,68794.0,4.682,185.273,1145391.0,3297.5652173913
677,21-09-2019,bitcoin,,68793.0,3.955,187.727,1144545.0,3136.86956521739
678,20-09-2019,bitcoin,,68787.0,3.875,230.0,1143744.0,3281.52
679,19-09-2019,bitcoin,,68792.0,4.565,250.217,1142905.0,3390.125
680,18-09-2019,bitcoin,,68783.0,4.545,211.455,1142184.0,3261.0
681,17-09-2019,bitcoin,,68784.0,4.455,175.591,1141376.0,3357.65217391304
682,16-09-2019,bitcoin,,68784.0,4.5,165.0,1140481.0,3348.95238095238
683,15-09-2019,bitcoin,,68793.0,4.4,191.0,1139668.0,3192.19047619048
684,14-09-2019,bitcoin,,68804.0,4.6,208.45,1138795.0,3206.42857142857
685,13-09-2019,bitcoin,,68792.0,4.85,213.15,1138023.0,3394.2380952381
686,12-09-2019,bitcoin,,68785.0,4.478,217.043,1137133.0,3389.33333333333
687,11-09-2019,bitcoin,,68754.0,4.043,199.826,1136373.0,3237.45833333333
688,10-09-2019,bitcoin,,68734.0,4.318,210.409,1135563.0,3280.60869565217
689,09-09-2019,bitcoin,,68723.0,4.783,152.87,1134623.0,3202.20833333333
690,08-09-2019,bitcoin,,68718.0,4.458,148.958,1133775.0,3047.12
691,07-09-2019,bitcoin,,68703.0,3.913,177.435,1132803.0,3207.83333333333
692,06-09-2019,bitcoin,,68677.0,4.174,202.304,1131999.0,3311.0
693,05-09-2019,bitcoin,,68666.0,4.25,177.542,1131091.0,3226.72
694,04-09-2019,bitcoin,,68602.0,4.435,188.609,1130337.0,3278.91666666667
695,03-09-2019,bitcoin,,68553.0,5.476,214.095,1129376.0,3387.68181818182
696,02-09-2019,bitcoin,,68470.0,5.15,161.85,1128355.0,3187.61904761905
697,01-09-2019,bitcoin,,68384.0,4.55,179.5,1127560.0,3578.19047619048
698,31-08-2019,bitcoin,,68334.0,4.409,225.955,1126830.0,4218.5652173913
699,30-08-2019,bitcoin,,68279.0,3.958,253.167,1126052.0,4776.52
700,29-08-2019,bitcoin,,68267.0,4.333,280.75,1125064.0,5605.92
701,28-08-2019,bitcoin,,68255.0,4.667,233.833,1124062.0,5519.96
702,27-08-2019,bitcoin,,68232.0,4.625,195.417,1123148.0,4583.48
703,26-08-2019,bitcoin,,68191.0,4.783,209.696,1122198.0,4138.66666666667
704,25-08-2019,bitcoin,,68160.0,4.696,211.391,1121195.0,3978.70833333333
705,24-08-2019,bitcoin,,68120.0,4.458,204.25,1120177.0,3925.04
706,23-08-2019,bitcoin,,67956.0,4.5,216.833,1119235.0,3932.76
707,22-08-2019,bitcoin,,67766.0,4.0,218.87,1118424.0,4225.70833333333
708,21-08-2019,bitcoin,,67085.0,4.043,267.565,1117391.0,4516.91666666667
709,20-08-2019,bitcoin,,66590.0,4.409,254.727,1116523.0,4492.60869565217
710,19-08-2019,bitcoin,,66479.0,4.667,215.857,1115562.0,4242.5
711,18-08-2019,bitcoin,,66374.0,5.19,246.619,1114465.0,4080.0
712,17-08-2019,bitcoin,,66367.0,4.652,248.0,1113422.0,4189.33333333333
713,16-08-2019,bitcoin,,66385.0,4.391,238.261,1112304.0,4403.5
714,15-08-2019,bitcoin,,66388.0,4.875,280.417,1111409.0,4549.24
715,14-08-2019,bitcoin,,,4.5,253.958,1110485.0,4482.04
716,13-08-2019,bitcoin,,66391.0,4.522,244.783,1109489.0,4410.95833333333
717,12-08-2019,bitcoin,,66391.0,4.783,258.565,1108410.0,4376.83333333333
718,11-08-2019,bitcoin,,66388.0,4.5,261.083,1107319.0,4317.36
719,10-08-2019,bitcoin,,66373.0,3.917,273.0,1106420.0,4197.12
720,09-08-2019,bitcoin,,66367.0,3.708,281.083,1105579.0,4113.12
721,08-08-2019,bitcoin,,66336.0,4.125,286.458,1104585.0,4209.08
722,07-08-2019,bitcoin,,66334.0,3.87,328.609,1103461.0,4631.83333333333
723,06-08-2019,bitcoin,,66313.0,3.696,355.609,1102270.0,4927.04166666667
724,05-08-2019,bitcoin,,66323.0,4.0,283.261,1101154.0,4894.5
725,04-08-2019,bitcoin,,66332.0,3.739,284.435,1099989.0,4623.70833333333
726,03-08-2019,bitcoin,,66317.0,3.792,294.333,1098945.0,4403.88
727,02-08-2019,bitcoin,,66314.0,4.0,263.917,1098137.0,4383.92
728,01-08-2019,bitcoin,,66311.0,4.25,269.125,1097251.0,4531.36
729,31-07-2019,bitcoin,,66308.0,3.957,220.87,1096147.0,4474.29166666667
730,30-07-2019,bitcoin,,66293.0,4.304,236.217,1094998.0,4266.45833333333
731,29-07-2019,bitcoin,,66291.0,4.458,265.667,1093945.0,4066.48
732,28-07-2019,bitcoin,,66287.0,4.261,225.783,1092920.0,4033.29166666667
733,27-07-2019,bitcoin,,66292.0,4.739,273.783,1091989.0,4205.91666666667
734,26-07-2019,bitcoin,,66276.0,4.833,294.167,1090879.0,4839.48
735,25-07-2019,bitcoin,,66260.0,4.125,264.167,1089787.0,5012.12
736,24-07-2019,bitcoin,,66258.0,4.348,260.348,1088446.0,4757.375
737,23-07-2019,bitcoin,,66235.0,4.458,249.042,1087084.0,4574.84
738,22-07-2019,bitcoin,,66137.0,4.5,232.875,1086014.0,4426.12
739,21-07-2019,bitcoin,,65825.0,4.125,232.042,1084854.0,4329.88
740,20-07-2019,bitcoin,,65591.0,3.75,245.667,1083719.0,4458.0
741,19-07-2019,bitcoin,,65575.0,3.792,282.333,1082854.0,4646.24
742,18-07-2019,bitcoin,,65602.0,4.217,364.304,1081890.0,5142.5
743,17-07-2019,bitcoin,,65603.0,4.435,375.957,1080686.0,5531.125
744,16-07-2019,bitcoin,,65584.0,4.217,322.435,1079245.0,5763.66666666667
745,15-07-2019,bitcoin,,65590.0,4.174,280.217,1077802.0,5344.04166666667
746,14-07-2019,bitcoin,,65580.0,4.708,296.375,1076528.0,4553.08
747,13-07-2019,bitcoin,,65572.0,5.083,411.083,1074983.0,5637.8
748,12-07-2019,bitcoin,,65562.0,4.625,373.375,1073835.0,5912.96
749,11-07-2019,bitcoin,,65551.0,4.174,333.522,1072578.0,5169.70833333333
750,10-07-2019,bitcoin,,65544.0,4.478,319.87,1071416.0,5374.95833333333
751,09-07-2019,bitcoin,,65539.0,4.792,280.625,1070250.0,5273.12
752,08-07-2019,bitcoin,,65517.0,4.458,267.833,1069105.0,5052.76
753,07-07-2019,bitcoin,,65510.0,4.0,233.957,1067950.0,4695.41666666667
754,06-07-2019,bitcoin,,65503.0,4.136,241.318,1066932.0,4822.52173913043
755,05-07-2019,bitcoin,,65517.0,4.043,288.435,1065816.0,5053.625
756,04-07-2019,bitcoin,,65511.0,4.333,363.583,1064864.0,5223.12
757,03-07-2019,bitcoin,,65495.0,4.792,381.75,1063815.0,5799.4
758,02-07-2019,bitcoin,,65486.0,5.348,318.174,1062663.0,5776.08333333333
759,01-07-2019,bitcoin,,65252.0,4.696,294.217,1061521.0,4955.95833333333
760,30-06-2019,bitcoin,,65213.0,3.667,312.125,1060855.0,4987.36
761,29-06-2019,bitcoin,,65200.0,3.708,424.958,1060279.0,5740.96
762,28-06-2019,bitcoin,,65199.0,4.333,531.125,1059733.0,6946.16
763,27-06-2019,bitcoin,,65193.0,5.083,608.208,1058808.0,7687.12
764,26-06-2019,bitcoin,,65177.0,4.609,497.043,1057623.0,6934.20833333333
765,25-06-2019,bitcoin,,65171.0,3.87,312.348,1056034.0,5628.08333333333
766,24-06-2019,bitcoin,,65195.0,3.667,325.083,1055350.0,5186.64
767,23-06-2019,bitcoin,,65187.0,3.826,377.826,1054641.0,5781.08333333333
768,22-06-2019,bitcoin,,65169.0,4.5,387.083,1053979.0,5884.04
769,21-06-2019,bitcoin,,65163.0,4.167,301.792,1053141.0,5037.32
770,20-06-2019,bitcoin,,65155.0,4.182,269.0,1052638.0,4667.4347826087
771,19-06-2019,bitcoin,,65158.0,4.864,257.136,1052116.0,4752.91304347826
772,18-06-2019,bitcoin,,65155.0,4.478,265.435,1051571.0,4582.875
773,17-06-2019,bitcoin,,65144.0,4.696,274.435,1051094.0,4762.875
774,16-06-2019,bitcoin,,65137.0,4.435,232.217,1050668.0,4701.75
775,15-06-2019,bitcoin,,65122.0,3.958,171.25,1050151.0,4285.36
776,14-06-2019,bitcoin,,65119.0,4.625,188.208,1049845.0,4267.84
777,13-06-2019,bitcoin,,65111.0,4.333,222.833,1049504.0,4053.6
778,12-06-2019,bitcoin,,65108.0,3.913,198.739,1049078.0,3697.45833333333
779,11-06-2019,bitcoin,,65106.0,4.348,192.652,1048729.0,3556.29166666667
780,10-06-2019,bitcoin,,65108.0,4.208,178.167,1048440.0,3433.2
781,09-06-2019,bitcoin,,65091.0,4.304,175.435,1047991.0,3508.0
782,08-06-2019,bitcoin,,65060.0,4.261,202.957,1047753.0,3796.875
783,07-06-2019,bitcoin,,65080.0,4.125,195.375,1047559.0,4039.28
784,06-06-2019,bitcoin,,65152.0,4.13,226.087,1047241.0,4198.08333333333
785,05-06-2019,bitcoin,,65141.0,4.478,250.261,1046957.0,4330.58333333333
786,04-06-2019,bitcoin,,65052.0,4.25,194.958,1046673.0,4168.52
787,03-06-2019,bitcoin,,64968.0,4.0,197.208,1046214.0,3658.36
788,02-06-2019,bitcoin,,64901.0,4.043,223.739,1045903.0,3387.70833333333
789,01-06-2019,bitcoin,,64919.0,4.652,216.87,1045676.0,3576.45833333333
790,31-05-2019,bitcoin,,64940.0,4.917,214.167,1045385.0,4172.16
791,30-05-2019,bitcoin,,64938.0,4.375,213.5,1045039.0,4415.64
792,29-05-2019,bitcoin,,64954.0,4.217,212.043,1044653.0,4273.20833333333
793,28-05-2019,bitcoin,,64938.0,3.565,228.0,1044171.0,4623.16666666667
794,27-05-2019,bitcoin,,64941.0,3.708,284.792,1043768.0,4587.24
795,26-05-2019,bitcoin,,64945.0,3.792,257.542,1043304.0,4014.8
796,25-05-2019,bitcoin,,64964.0,3.826,235.304,1043068.0,3808.66666666667
797,24-05-2019,bitcoin,,64962.0,4.333,249.167,1042812.0,3906.76
798,23-05-2019,bitcoin,,64956.0,4.458,256.167,1042532.0,4031.76
799,22-05-2019,bitcoin,,64948.0,4.545,300.091,1042130.0,4154.60869565217
800,21-05-2019,bitcoin,,64952.0,4.136,268.955,1041821.0,4189.4347826087
801,20-05-2019,bitcoin,,64905.0,4.043,271.217,1041459.0,4371.79166666667
802,19-05-2019,bitcoin,,64881.0,3.667,259.625,1041046.0,4308.6
803,18-05-2019,bitcoin,,64874.0,3.727,303.136,1040669.0,4357.5652173913
804,17-05-2019,bitcoin,,64871.0,3.955,333.364,1040407.0,4783.17391304348
805,16-05-2019,bitcoin,,64866.0,3.87,330.87,1039912.0,4949.83333333333
806,15-05-2019,bitcoin,,64845.0,3.792,352.958,1039360.0,5428.56
807,14-05-2019,bitcoin,,64831.0,4.217,399.304,1038874.0,5548.33333333333
808,13-05-2019,bitcoin,,64793.0,4.292,362.625,1038189.0,5535.92
809,12-05-2019,bitcoin,,64783.0,4.417,341.167,1037652.0,5428.28
810,11-05-2019,bitcoin,,64777.0,4.826,317.304,1037189.0,5298.25
811,10-05-2019,bitcoin,,64780.0,4.708,278.25,1036732.0,4716.32
812,09-05-2019,bitcoin,,64755.0,4.625,239.958,1036321.0,4314.96
813,08-05-2019,bitcoin,,64765.0,4.478,212.13,1036160.0,4201.54166666667
814,07-05-2019,bitcoin,,64764.0,4.417,208.833,1035904.0,3966.28
815,06-05-2019,bitcoin,,64765.0,4.5,225.167,1035679.0,3759.4
816,05-05-2019,bitcoin,,64759.0,3.957,227.87,1035444.0,3821.70833333333
817,04-05-2019,bitcoin,,64726.0,3.739,203.087,1035248.0,3903.375
818,03-05-2019,bitcoin,,64747.0,4.5,219.083,1035071.0,3674.68
819,02-05-2019,bitcoin,,64748.0,4.542,190.042,1034834.0,3424.84
820,01-05-2019,bitcoin,,64761.0,4.25,169.292,1034634.0,3324.24
821,30-04-2019,bitcoin,,64769.0,4.435,176.217,1034518.0,3457.08333333333
822,29-04-2019,bitcoin,,64791.0,4.333,170.208,1034339.0,3518.88
823,28-04-2019,bitcoin,,64810.0,4.083,213.917,1034174.0,3426.36
824,27-04-2019,bitcoin,,64826.0,3.696,232.087,1033951.0,3624.0
825,26-04-2019,bitcoin,,64823.0,3.708,220.167,1033799.0,3796.12
826,25-04-2019,bitcoin,,64822.0,3.875,219.792,1033552.0,3767.08
827,24-04-2019,bitcoin,,64819.0,4.522,243.522,1033352.0,3902.95833333333
828,23-04-2019,bitcoin,,64806.0,4.375,204.125,1033128.0,3797.56
829,22-04-2019,bitcoin,,64800.0,3.875,176.042,1032882.0,3477.56
830,21-04-2019,bitcoin,,64712.0,3.739,190.652,1032720.0,3439.04166666667
831,20-04-2019,bitcoin,,64559.0,4.0,188.261,1032561.0,3627.75
832,19-04-2019,bitcoin,,64546.0,4.5,201.167,1032436.0,3602.08
833,18-04-2019,bitcoin,,64541.0,4.13,205.565,1032296.0,3621.375
834,17-04-2019,bitcoin,,64550.0,3.542,230.208,1031985.0,3704.16
835,16-04-2019,bitcoin,,64567.0,4.125,224.583,1031697.0,3511.6
836,15-04-2019,bitcoin,,64555.0,3.957,200.826,1031389.0,3321.58333333333
837,14-04-2019,bitcoin,,64560.0,3.417,194.458,1031058.0,3349.52
838,13-04-2019,bitcoin,,64546.0,4.087,222.087,1030781.0,3462.875
839,12-04-2019,bitcoin,,64520.0,4.696,304.913,1030508.0,3563.625
840,11-04-2019,bitcoin,,64545.0,4.125,263.625,1030163.0,3815.12
841,10-04-2019,bitcoin,,64568.0,3.958,257.458,1029889.0,4034.44
842,09-04-2019,bitcoin,,64561.0,4.087,267.0,1029515.0,4317.75
843,08-04-2019,bitcoin,,64552.0,4.217,209.652,1029144.0,4178.125
844,07-04-2019,bitcoin,,64563.0,4.261,184.739,1028771.0,3854.79166666667
845,06-04-2019,bitcoin,,64543.0,4.087,208.043,1028426.0,3968.33333333333
846,05-04-2019,bitcoin,,64559.0,4.0,239.75,1028153.0,4167.4
847,04-04-2019,bitcoin,,64548.0,3.72,274.92,1027903.0,4646.96153846154
848,03-04-2019,bitcoin,,64557.0,3.652,285.0,1027536.0,5202.04166666667
849,02-04-2019,bitcoin,,64522.0,4.409,230.545,1026984.0,4493.04347826087
850,01-04-2019,bitcoin,,64527.0,3.947,151.263,1026500.0,3400.15
851,31-03-2019,bitcoin,,64518.0,4.45,191.4,1026290.0,3048.0
852,30-03-2019,bitcoin,,64511.0,4.0,200.043,1026133.0,2950.20833333333
853,29-03-2019,bitcoin,,64512.0,4.042,212.458,1025935.0,3155.48
854,28-03-2019,bitcoin,,64527.0,4.143,205.714,1025741.0,3291.31818181818
855,27-03-2019,bitcoin,,64553.0,5.353,208.294,1025519.0,3292.83333333333
856,26-03-2019,bitcoin,,64589.0,4.3,132.3,1025292.0,3596.14285714286
857,25-03-2019,bitcoin,,64590.0,4.348,138.13,1025036.0,3615.0
858,24-03-2019,bitcoin,,64608.0,3.783,142.217,1024826.0,3671.66666666667
859,23-03-2019,bitcoin,,64598.0,3.913,187.043,1024684.0,3783.16666666667
860,22-03-2019,bitcoin,,64585.0,4.045,174.5,1024530.0,3782.30434782609
861,21-03-2019,bitcoin,,64615.0,4.304,178.957,1024323.0,3787.25
862,20-03-2019,bitcoin,,64595.0,4.348,195.87,1023945.0,3875.875
863,19-03-2019,bitcoin,,64610.0,4.043,195.304,1023763.0,4073.16666666667
864,18-03-2019,bitcoin,,64607.0,4.261,211.609,1023613.0,4053.16666666667
865,17-03-2019,bitcoin,,64627.0,4.0,203.917,1022994.0,3953.16
866,16-03-2019,bitcoin,,64613.0,3.826,179.87,1022782.0,3906.16666666667
867,15-03-2019,bitcoin,,64605.0,3.957,204.87,1022579.0,3848.04166666667
868,14-03-2019,bitcoin,,64620.0,4.042,212.542,1022346.0,3938.4
869,13-03-2019,bitcoin,,64619.0,4.261,217.783,1022124.0,4069.95833333333
870,12-03-2019,bitcoin,,64624.0,4.217,212.739,1021946.0,4142.83333333333
871,11-03-2019,bitcoin,,64637.0,4.261,163.87,1021711.0,3798.0
872,10-03-2019,bitcoin,,64652.0,4.182,159.409,1021580.0,3590.04347826087
873,09-03-2019,bitcoin,,64657.0,3.818,176.0,1021437.0,3831.0
874,08-03-2019,bitcoin,,64658.0,3.783,186.652,1021343.0,4064.83333333333
875,07-03-2019,bitcoin,,64649.0,3.783,177.043,1021195.0,3962.29166666667
876,06-03-2019,bitcoin,,64633.0,3.792,182.333,1021045.0,3800.56
877,05-03-2019,bitcoin,,64616.0,4.136,203.773,1020855.0,3786.47826086957
878,04-03-2019,bitcoin,,64636.0,4.091,207.5,1020666.0,3809.95652173913
879,03-03-2019,bitcoin,,64660.0,4.25,189.208,1020460.0,3880.32
880,02-03-2019,bitcoin,,64572.0,4.25,181.875,1020314.0,5052.0
881,01-03-2019,bitcoin,,64559.0,3.958,209.833,1020134.0,6519.04
882,28-02-2019,bitcoin,,64574.0,4.208,227.833,1019974.0,6225.16
883,27-02-2019,bitcoin,,64585.0,3.957,194.217,1019785.0,5336.04166666667
884,26-02-2019,bitcoin,,64590.0,3.913,182.261,1019634.0,5230.16666666667
885,25-02-2019,bitcoin,,64649.0,3.957,191.043,1019388.0,5490.33333333333
886,24-02-2019,bitcoin,,64661.0,3.783,205.565,1019132.0,5441.41666666667
887,23-02-2019,bitcoin,,,4.13,225.043,1018930.0,5381.20833333333
888,22-02-2019,bitcoin,,,4.375,203.667,1018777.0,5404.44
889,21-02-2019,bitcoin,,,4.304,226.739,1018653.0,5106.20833333333
890,20-02-2019,bitcoin,,,3.783,218.783,1018483.0,5171.04166666667
891,19-02-2019,bitcoin,,,4.478,197.783,1018303.0,5285.0
892,18-02-2019,bitcoin,,,4.417,174.292,1018043.0,4823.76
893,17-02-2019,bitcoin,,,3.917,151.75,1017947.0,4597.64
894,16-02-2019,bitcoin,,,3.565,196.087,1017766.0,4440.33333333333
895,15-02-2019,bitcoin,,,3.833,218.458,1017581.0,4856.44
896,14-02-2019,bitcoin,,63962.0,3.957,197.13,1017400.0,5275.58333333333
897,13-02-2019,bitcoin,,63972.0,3.739,192.174,1017064.0,4979.04166666667
898,12-02-2019,bitcoin,,63984.0,3.87,210.957,1016803.0,4861.45833333333
899,11-02-2019,bitcoin,,64012.0,3.739,205.174,1016577.0,4941.875
900,10-02-2019,bitcoin,,64035.0,3.174,224.0,1016334.0,4976.29166666667
901,09-02-2019,bitcoin,,64021.0,3.792,253.5,1016165.0,5148.28
902,08-02-2019,bitcoin,,64055.0,4.125,257.042,1015935.0,5052.48
903,07-02-2019,bitcoin,,64069.0,3.667,189.458,1015739.0,4828.6
904,06-02-2019,bitcoin,,64049.0,3.708,188.708,1015576.0,4917.6
905,05-02-2019,bitcoin,,64063.0,3.609,164.304,1015394.0,4743.33333333333
906,04-02-2019,bitcoin,,64067.0,3.478,142.957,1015155.0,4641.20833333333
907,03-02-2019,bitcoin,,64098.0,3.417,154.208,1014969.0,4696.48
908,02-02-2019,bitcoin,,64099.0,3.75,186.5,1014816.0,4657.4
909,01-02-2019,bitcoin,,64126.0,3.875,182.625,1014684.0,4550.6
910,31-01-2019,bitcoin,,64099.0,4.13,208.304,1014542.0,4677.66666666667
911,30-01-2019,bitcoin,,64063.0,4.304,240.696,1014403.0,5149.16666666667
912,29-01-2019,bitcoin,,64020.0,4.25,180.375,1014273.0,5371.32
913,28-01-2019,bitcoin,,64067.0,4.167,167.083,1014040.0,5139.96
914,27-01-2019,bitcoin,,64069.0,4.043,197.522,1013878.0,4901.83333333333
915,26-01-2019,bitcoin,,64069.0,4.0,211.0,1013744.0,4953.56
916,25-01-2019,bitcoin,,64094.0,4.375,197.25,1013578.0,5303.4
917,24-01-2019,bitcoin,,64143.0,4.125,197.333,1013457.0,5088.0
918,23-01-2019,bitcoin,,64163.0,4.087,239.522,1013237.0,4533.5
919,22-01-2019,bitcoin,,64206.0,3.833,227.792,1012998.0,4537.48
920,21-01-2019,bitcoin,,64219.0,3.875,201.583,1012807.0,4415.72
921,20-01-2019,bitcoin,,64234.0,4.042,190.958,1012655.0,4483.92
922,19-01-2019,bitcoin,,64243.0,4.364,229.364,1012567.0,4634.95652173913
923,18-01-2019,bitcoin,,64238.0,4.261,240.435,1012457.0,4638.79166666667
924,17-01-2019,bitcoin,,64270.0,4.083,211.375,1012289.0,4871.48
925,16-01-2019,bitcoin,,64268.0,3.87,192.565,1012106.0,4812.54166666667
926,15-01-2019,bitcoin,,64334.0,4.13,207.652,1011840.0,4827.41666666667
927,14-01-2019,bitcoin,,64397.0,4.652,190.87,1011523.0,4836.41666666667
928,13-01-2019,bitcoin,,64408.0,4.261,191.478,1011290.0,4766.625
929,12-01-2019,bitcoin,,64441.0,3.542,225.833,1011137.0,4941.6
930,11-01-2019,bitcoin,,64465.0,4.435,237.957,1010887.0,5223.75
931,10-01-2019,bitcoin,,64471.0,4.304,272.739,1010620.0,5179.125
932,09-01-2019,bitcoin,,64497.0,3.913,311.13,1010371.0,5198.66666666667
933,08-01-2019,bitcoin,,64502.0,4.0,273.75,1010131.0,5168.48
934,07-01-2019,bitcoin,,64525.0,4.25,247.0,1009804.0,4960.56
935,06-01-2019,bitcoin,,64490.0,4.261,234.826,1009601.0,4965.95833333333
936,05-01-2019,bitcoin,,64500.0,3.739,224.87,1009578.0,4904.125
937,04-01-2019,bitcoin,,64491.0,3.667,202.292,1009372.0,5308.16
938,03-01-2019,bitcoin,,64531.0,4.292,187.792,1009058.0,5581.24
939,02-01-2019,bitcoin,,64545.0,4.375,198.667,1008772.0,5285.28
940,01-01-2019,bitcoin,,,4.13,195.783,1008556.0,5269.04166666667
941,31-12-2018,bitcoin,,64582.0,4.083,192.958,1008387.0,5555.12
942,30-12-2018,bitcoin,,64639.0,4.208,253.167,1008280.0,5656.08
943,29-12-2018,bitcoin,,64638.0,4.565,291.826,1008137.0,5592.25
944,28-12-2018,bitcoin,,64625.0,4.478,243.304,1007934.0,5228.20833333333
945,27-12-2018,bitcoin,,64691.0,4.208,320.25,1007638.0,4872.04
946,26-12-2018,bitcoin,,64718.0,3.958,359.542,1007391.0,4993.2
947,25-12-2018,bitcoin,,64708.0,4.25,223.75,1007254.0,5172.84
948,24-12-2018,bitcoin,,64727.0,4.542,207.125,1007144.0,5455.36
949,23-12-2018,bitcoin,,64741.0,3.875,203.5,1006975.0,5789.72
950,22-12-2018,bitcoin,,64780.0,3.583,263.5,1006824.0,5676.0
951,21-12-2018,bitcoin,,64822.0,4.458,300.583,1006639.0,5530.72
952,20-12-2018,bitcoin,,64811.0,4.111,262.704,1006345.0,5592.07142857143
953,19-12-2018,bitcoin,,64887.0,3.031,227.594,1006064.0,5612.48484848485
954,18-12-2018,bitcoin,,64941.0,3.556,227.37,1005756.0,6041.82142857143
955,17-12-2018,bitcoin,,64977.0,5.333,343.6,1005434.0,6264.4375
956,16-12-2018,bitcoin,,64977.0,4.417,367.583,1005072.0,6199.32
957,15-12-2018,bitcoin,,64978.0,4.348,333.174,1005005.0,6506.16666666667
958,14-12-2018,bitcoin,,64979.0,4.783,344.87,1004798.0,6351.33333333333
959,13-12-2018,bitcoin,,64988.0,4.435,300.478,1004565.0,6675.83333333333
960,12-12-2018,bitcoin,,65034.0,4.217,288.957,1004403.0,8090.20833333333
961,11-12-2018,bitcoin,,65027.0,4.958,340.917,1004031.0,9479.2
962,10-12-2018,bitcoin,,65031.0,4.958,331.167,1003775.0,8135.16
963,09-12-2018,bitcoin,,65083.0,3.826,344.304,1003301.0,7223.58333333333
964,08-12-2018,bitcoin,,65091.0,4.208,417.875,1003019.0,8366.56
965,07-12-2018,bitcoin,,65126.0,4.625,442.333,1002684.0,7801.68
966,06-12-2018,bitcoin,,65159.0,4.565,396.739,1002331.0,7224.625
967,05-12-2018,bitcoin,,65187.0,4.391,303.435,1002059.0,7217.5
968,04-12-2018,bitcoin,,65216.0,3.826,246.391,1001806.0,6980.875
969,03-12-2018,bitcoin,,65247.0,3.826,225.913,1001127.0,6302.66666666667
970,02-12-2018,bitcoin,,,4.522,247.913,999829.0,5996.58333333333
971,01-12-2018,bitcoin,,,4.174,277.478,998680.0,6316.125
972,30-11-2018,bitcoin,,65307.0,4.083,280.875,997816.0,6283.88
973,29-11-2018,bitcoin,,65312.0,4.652,336.826,996913.0,6743.75
974,28-11-2018,bitcoin,,65332.0,4.304,466.348,995779.0,7055.29166666667
975,27-11-2018,bitcoin,,65331.0,3.625,494.25,994614.0,6838.68
976,26-11-2018,bitcoin,,65324.0,3.875,519.583,993558.0,7605.92
977,25-11-2018,bitcoin,,65314.0,5.0,487.261,992428.0,7458.5
978,24-11-2018,bitcoin,,65313.0,4.375,297.0,991423.0,6944.0
979,23-11-2018,bitcoin,,65321.0,4.0,340.077,990551.0,7217.92592592593
980,22-11-2018,bitcoin,,65264.0,3.708,395.417,989669.0,8037.36
981,21-11-2018,bitcoin,,64949.0,3.958,493.583,988798.0,9145.92
982,20-11-2018,bitcoin,,64872.0,4.958,406.792,987646.0,8611.4
983,19-11-2018,bitcoin,,64891.0,4.833,250.375,986389.0,7098.52
984,18-11-2018,bitcoin,,64929.0,3.522,189.913,985434.0,6571.95833333333
985,17-11-2018,bitcoin,,64943.0,4.458,245.542,984599.0,7267.32
986,16-11-2018,bitcoin,,64975.0,4.87,333.304,983787.0,7800.45833333333
987,15-11-2018,bitcoin,,65050.0,4.565,317.652,982911.0,7523.625
988,14-11-2018,bitcoin,,65061.0,4.217,237.261,982031.0,7526.20833333333
989,13-11-2018,bitcoin,,65094.0,4.185,188.778,981380.0,7448.25
990,12-11-2018,bitcoin,,65126.0,4.0,167.407,980717.0,7006.5
991,11-11-2018,bitcoin,,65137.0,3.773,165.5,980052.0,6312.86956521739
992,10-11-2018,bitcoin,,65158.0,4.217,170.087,979583.0,6301.875
993,09-11-2018,bitcoin,,65160.0,3.808,179.423,979156.0,6464.2962962963
994,08-11-2018,bitcoin,,65225.0,3.542,185.583,978614.0,6128.28
995,07-11-2018,bitcoin,,65241.0,4.174,180.913,978044.0,5962.91666666667
996,06-11-2018,bitcoin,,65260.0,4.261,152.696,977444.0,6332.75
997,05-11-2018,bitcoin,,65287.0,3.792,110.958,976391.0,6778.96
998,04-11-2018,bitcoin,,65312.0,4.13,120.435,975474.0,6941.16666666667
999,03-11-2018,bitcoin,,65312.0,4.042,135.75,974499.0,7976.36
1000,02-11-2018,bitcoin,,65340.0,3.48,142.0,973654.0,7746.92307692308
1001,01-11-2018,bitcoin,,65357.0,3.864,170.0,972692.0,6958.17391304348
1002,31-10-2018,bitcoin,,65535.0,4.348,197.957,971797.0,6711.70833333333
1003,30-10-2018,bitcoin,,65549.0,4.0,204.542,970775.0,6773.4
1004,29-10-2018,bitcoin,,65674.0,3.833,182.792,969683.0,6807.8
1005,28-10-2018,bitcoin,,65691.0,3.625,156.917,968494.0,6754.24
1006,27-10-2018,bitcoin,,65698.0,3.52,156.28,967603.0,7548.03846153846
1007,26-10-2018,bitcoin,,65534.0,4.08,180.0,966815.0,8427.80769230769
1008,25-10-2018,bitcoin,,65547.0,4.273,205.591,965966.0,8744.26086956522
1009,24-10-2018,bitcoin,,65578.0,4.136,193.591,965095.0,9095.4347826087
1010,23-10-2018,bitcoin,,65565.0,4.2,153.08,964140.0,9485.5
1011,22-10-2018,bitcoin,,65562.0,4.04,123.8,963114.0,9279.57692307692
1012,21-10-2018,bitcoin,,65512.0,4.609,135.522,962071.0,9134.20833333333
1013,20-10-2018,bitcoin,,65502.0,4.5,158.0,961040.0,9116.36
1014,19-10-2018,bitcoin,,65455.0,4.375,185.208,960169.0,9259.92
1015,18-10-2018,bitcoin,,65430.0,4.12,182.2,959402.0,9321.80769230769
1016,17-10-2018,bitcoin,,65467.0,3.96,213.68,958471.0,9115.92307692308
1017,16-10-2018,bitcoin,,65489.0,4.333,220.25,957352.0,10042.08
1018,15-10-2018,bitcoin,,65466.0,4.917,167.417,956259.0,9860.08
1019,14-10-2018,bitcoin,,65390.0,4.542,155.458,955303.0,8717.0
1020,13-10-2018,bitcoin,,65416.0,4.167,175.708,954310.0,9084.88
1021,12-10-2018,bitcoin,,65362.0,4.32,218.92,953432.0,9419.11538461538
1022,11-10-2018,bitcoin,,65209.0,4.28,196.56,952658.0,9346.5
1023,10-10-2018,bitcoin,,65126.0,4.5,161.708,951647.0,9488.8
1024,09-10-2018,bitcoin,,65143.0,4.304,139.565,950670.0,9487.91666666667
1025,08-10-2018,bitcoin,,65229.0,3.875,159.0,949606.0,8878.44
1026,07-10-2018,bitcoin,,65200.0,3.667,184.292,948879.0,8691.04
1027,06-10-2018,bitcoin,,65153.0,4.0,201.739,947845.0,9172.20833333333
1028,05-10-2018,bitcoin,,65133.0,4.636,221.545,947024.0,9668.86956521739
1029,04-10-2018,bitcoin,,65082.0,4.0,177.917,946201.0,9604.24
1030,03-10-2018,bitcoin,,65025.0,4.042,154.042,945299.0,9245.28
1031,02-10-2018,bitcoin,,64974.0,3.667,161.042,944282.0,9221.12
1032,01-10-2018,bitcoin,,64944.0,4.042,171.167,943393.0,9383.44
1033,30-09-2018,bitcoin,,64909.0,4.292,142.417,942348.0,9615.96
1034,29-09-2018,bitcoin,,64858.0,4.417,154.958,941443.0,9431.4
1035,28-09-2018,bitcoin,,64771.0,4.217,191.565,940733.0,9624.04166666667
1036,27-09-2018,bitcoin,,64744.0,4.429,205.333,939879.0,9797.72727272727
1037,26-09-2018,bitcoin,,64698.0,4.429,204.048,938992.0,9208.40909090909
1038,25-09-2018,bitcoin,,64672.0,4.5,213.682,938233.0,9149.17391304348
1039,24-09-2018,bitcoin,,64619.0,4.727,232.773,937224.0,8943.78260869565
1040,23-09-2018,bitcoin,,64568.0,4.091,256.318,936352.0,8534.17391304348
1041,22-09-2018,bitcoin,,64544.0,4.095,257.333,935392.0,9440.81818181818
1042,21-09-2018,bitcoin,,64486.0,3.952,215.476,934563.0,10348.2272727273
1043,20-09-2018,bitcoin,,64430.0,3.909,201.545,933698.0,10202.0
1044,19-09-2018,bitcoin,,64368.0,4.182,216.591,932766.0,10351.5217391304
1045,18-09-2018,bitcoin,,64312.0,4.318,212.136,931946.0,10935.9130434783
1046,17-09-2018,bitcoin,,,4.13,186.739,931071.0,10976.7083333333
1047,16-09-2018,bitcoin,,,4.13,174.609,930165.0,10363.875
1048,15-09-2018,bitcoin,,,4.273,195.545,929235.0,11773.5217391304
1049,14-09-2018,bitcoin,,,4.682,241.409,928530.0,14580.7391304348
1050,13-09-2018,bitcoin,,,4.652,255.435,927681.0,13820.25
1051,12-09-2018,bitcoin,,,3.957,263.174,926839.0,14679.7916666667
1052,11-09-2018,bitcoin,,64141.0,3.913,254.348,926098.0,20655.7916666667
1053,10-09-2018,bitcoin,,64047.0,4.043,239.652,925364.0,19954.375
1054,09-09-2018,bitcoin,,63957.0,4.043,215.348,924406.0,12702.0833333333
1055,08-09-2018,bitcoin,,63898.0,4.174,181.217,923361.0,13482.4166666667
1056,07-09-2018,bitcoin,,63859.0,4.261,281.174,922607.0,13683.7916666667
1057,06-09-2018,bitcoin,,63813.0,4.652,325.739,921790.0,14508.6666666667
1058,05-09-2018,bitcoin,,63714.0,4.435,265.652,920687.0,13964.2083333333
1059,04-09-2018,bitcoin,,63659.0,4.609,261.13,919734.0,13267.9166666667
1060,03-09-2018,bitcoin,,63613.0,4.727,229.318,918721.0,13978.9565217391
1061,02-09-2018,bitcoin,,63559.0,4.304,175.13,917693.0,14145.5416666667
1062,01-09-2018,bitcoin,,63494.0,4.391,220.217,916898.0,13560.5416666667
1063,31-08-2018,bitcoin,,63490.0,4.0,253.087,916080.0,13983.5416666667
1064,30-08-2018,bitcoin,,63383.0,3.87,302.13,915209.0,14362.8333333333
1065,29-08-2018,bitcoin,,,4.091,291.045,914357.0,14089.8695652174
1066,28-08-2018,bitcoin,,63226.0,4.304,244.957,914078.0,12733.4166666667
1067,27-08-2018,bitcoin,,63101.0,4.13,230.087,913693.0,10247.75
1068,26-08-2018,bitcoin,,63044.0,4.217,227.478,913516.0,10929.375
1069,25-08-2018,bitcoin,,62990.0,4.522,233.348,913335.0,13122.6666666667
1070,24-08-2018,bitcoin,,62905.0,4.042,251.667,913141.0,12869.0
1071,23-08-2018,bitcoin,,62843.0,4.167,299.292,912993.0,12916.72
1072,22-08-2018,bitcoin,,62785.0,4.75,296.75,912804.0,13490.64
1073,21-08-2018,bitcoin,,62703.0,5.435,241.391,912586.0,13214.5
1074,20-08-2018,bitcoin,,62640.0,4.957,190.261,912391.0,13333.625
1075,19-08-2018,bitcoin,,62581.0,4.542,168.958,912173.0,12609.36
1076,18-08-2018,bitcoin,,62517.0,4.208,184.625,911980.0,11530.44
1077,17-08-2018,bitcoin,,62458.0,4.042,233.958,911762.0,10448.52
1078,16-08-2018,bitcoin,,62416.0,4.167,261.458,911443.0,10416.88
1079,15-08-2018,bitcoin,,62446.0,3.958,290.917,911099.0,11631.2
1080,14-08-2018,bitcoin,,62393.0,4.04,263.72,910842.0,12228.0
1081,13-08-2018,bitcoin,,62319.0,4.04,229.72,910615.0,11411.1538461538
1082,12-08-2018,bitcoin,,62262.0,4.16,292.16,910447.0,11108.1538461538
1083,11-08-2018,bitcoin,,62227.0,4.458,323.125,910324.0,11256.52
1084,10-08-2018,bitcoin,,62113.0,4.083,320.708,910090.0,11448.6
1085,09-08-2018,bitcoin,,61953.0,4.136,398.364,909827.0,12332.3043478261
1086,08-08-2018,bitcoin,,61888.0,4.636,328.227,909480.0,12150.4347826087
1087,07-08-2018,bitcoin,,61861.0,4.48,216.2,909210.0,10871.1538461538
1088,06-08-2018,bitcoin,,61821.0,4.08,181.52,908450.0,10611.4230769231
1089,05-08-2018,bitcoin,,61765.0,3.84,205.16,908156.0,10261.1153846154
1090,04-08-2018,bitcoin,,,4.04,202.68,907889.0,9959.96153846154
1091,03-08-2018,bitcoin,,,4.08,234.76,907687.0,10143.3076923077
1092,02-08-2018,bitcoin,,61611.0,4.08,260.88,907493.0,11229.8846153846
1093,01-08-2018,bitcoin,,61560.0,4.115,275.154,906527.0,10989.0
1094,31-07-2018,bitcoin,,61530.0,4.115,268.538,905525.0,9874.37037037037
1095,30-07-2018,bitcoin,,61487.0,4.2,244.24,904590.0,9622.96153846154
1096,29-07-2018,bitcoin,,61430.0,3.88,209.76,903610.0,9361.15384615385
1097,28-07-2018,bitcoin,,61354.0,3.96,242.56,902770.0,9810.19230769231
1098,27-07-2018,bitcoin,,61299.0,3.769,230.231,901934.0,10088.037037037
1099,26-07-2018,bitcoin,,61233.0,3.68,234.52,900971.0,10449.3076923077
1100,25-07-2018,bitcoin,,61161.0,3.8,279.92,900175.0,10980.4230769231
1101,24-07-2018,bitcoin,,61115.0,3.615,263.808,899308.0,11046.8148148148
1102,23-07-2018,bitcoin,,61046.0,3.385,202.423,898407.0,10452.962962963
1103,22-07-2018,bitcoin,,61035.0,3.731,195.577,897464.0,10130.3703703704
1104,21-07-2018,bitcoin,,60999.0,3.692,203.038,896554.0,9969.77777777778
1105,20-07-2018,bitcoin,,60935.0,3.769,224.885,895524.0,9790.74074074074
1106,19-07-2018,bitcoin,,60885.0,3.577,261.769,894532.0,10704.1111111111
1107,18-07-2018,bitcoin,,60846.0,3.385,270.692,893495.0,10895.7407407407
1108,17-07-2018,bitcoin,,60751.0,3.692,230.846,892430.0,10434.0
1109,16-07-2018,bitcoin,,60739.0,3.462,200.885,891623.0,9828.88888888889
1110,15-07-2018,bitcoin,,60739.0,3.269,161.654,890703.0,10969.7777777778
1111,14-07-2018,bitcoin,,60707.0,3.885,209.654,889764.0,11843.3333333333
1112,13-07-2018,bitcoin,,60660.0,3.692,257.846,888765.0,11009.2222222222
1113,12-07-2018,bitcoin,,60616.0,3.385,219.769,887822.0,10825.2592592593
1114,11-07-2018,bitcoin,,60553.0,3.692,193.077,886731.0,10554.5185185185
1115,10-07-2018,bitcoin,,60483.0,3.577,179.0,885767.0,11559.037037037
1116,09-07-2018,bitcoin,,60324.0,3.704,203.407,884512.0,11802.5357142857
1117,08-07-2018,bitcoin,,60261.0,3.481,207.333,883388.0,10808.3571428571
1118,07-07-2018,bitcoin,,60183.0,3.333,195.074,882314.0,11077.75
1119,06-07-2018,bitcoin,,60029.0,3.63,215.889,881467.0,11231.4642857143
1120,05-07-2018,bitcoin,,59891.0,3.63,219.556,880466.0,11086.8214285714
1121,04-07-2018,bitcoin,,59818.0,3.333,217.0,879413.0,10864.8928571429
1122,03-07-2018,bitcoin,,59768.0,3.444,213.259,878471.0,11024.6785714286
1123,02-07-2018,bitcoin,,59709.0,3.556,225.889,877435.0,11512.1428571429
1124,01-07-2018,bitcoin,,59680.0,3.444,252.222,876439.0,11861.6785714286
1125,30-06-2018,bitcoin,,59533.0,3.963,363.148,875525.0,12720.1785714286
1126,29-06-2018,bitcoin,,59428.0,3.778,359.889,874701.0,13640.0357142857
1127,28-06-2018,bitcoin,,59288.0,3.286,293.357,873787.0,13647.724137931
1128,27-06-2018,bitcoin,,58944.0,3.667,308.63,872528.0,11416.1785714286
1129,26-06-2018,bitcoin,,58891.0,3.815,328.63,871588.0,9863.71428571429
1130,25-06-2018,bitcoin,,58848.0,3.741,333.333,870690.0,10694.7857142857
1131,24-06-2018,bitcoin,,58809.0,3.741,306.778,869580.0,10744.8214285714
1132,23-06-2018,bitcoin,,58751.0,3.036,271.0,868630.0,10974.9310344828
1133,22-06-2018,bitcoin,,58669.0,2.964,234.643,867738.0,10995.8275862069
1134,21-06-2018,bitcoin,,58602.0,3.429,248.821,866838.0,10341.1379310345
1135,20-06-2018,bitcoin,,58551.0,3.138,242.207,866049.0,10653.8666666667
1136,19-06-2018,bitcoin,,58404.0,3.207,229.759,865038.0,10584.9666666667
1137,18-06-2018,bitcoin,,58208.0,3.069,189.966,864208.0,10444.5
1138,17-06-2018,bitcoin,,58160.0,2.967,176.5,863288.0,11954.4193548387
1139,16-06-2018,bitcoin,,58093.0,2.867,204.233,862218.0,13744.1290322581
1140,15-06-2018,bitcoin,,58064.0,2.867,275.033,861394.0,12268.1935483871
1141,14-06-2018,bitcoin,,57987.0,2.839,314.419,860559.0,10492.1875
1142,13-06-2018,bitcoin,,57919.0,3.097,313.839,859619.0,10857.34375
1143,12-06-2018,bitcoin,,57858.0,3.194,297.355,858609.0,11184.0625
1144,11-06-2018,bitcoin,,57763.0,3.219,254.5,857778.0,11051.8787878788
1145,10-06-2018,bitcoin,,57668.0,3.76,266.76,856781.0,10449.8461538462
1146,09-06-2018,bitcoin,,57623.0,3.68,276.8,855754.0,9734.26923076923
1147,08-06-2018,bitcoin,,57535.0,3.065,225.903,854732.0,10228.84375
1148,07-06-2018,bitcoin,,56756.0,2.844,223.281,853741.0,10832.6666666667
1149,06-06-2018,bitcoin,,56700.0,2.844,197.313,852596.0,10598.303030303
1150,05-06-2018,bitcoin,,56581.0,3.25,183.656,851575.0,10157.4848484848
1151,04-06-2018,bitcoin,,56438.0,3.125,198.844,850428.0,9813.69696969697
1152,03-06-2018,bitcoin,,56303.0,3.065,194.484,849296.0,8939.625
1153,02-06-2018,bitcoin,,56128.0,3.484,167.129,848101.0,9035.25
1154,01-06-2018,bitcoin,,55785.0,3.344,190.156,847008.0,9778.51515151515
1155,31-05-2018,bitcoin,,55697.0,3.188,244.156,845918.0,10165.9696969697
1156,30-05-2018,bitcoin,,55630.0,3.419,259.903,844913.0,10580.28125
1157,29-05-2018,bitcoin,,55480.0,2.969,226.469,843965.0,10603.0909090909
1158,28-05-2018,bitcoin,,55179.0,2.781,212.063,842735.0,11797.0303030303
1159,27-05-2018,bitcoin,,54158.0,3.0,211.871,841503.0,11283.0625
1160,26-05-2018,bitcoin,,54121.0,3.161,227.097,840545.0,9123.3125
1161,25-05-2018,bitcoin,,54075.0,2.441,244.853,839615.0,9300.6
1162,24-05-2018,bitcoin,,54122.0,1.927,198.707,838616.0,9605.28571428571
1163,23-05-2018,bitcoin,,54139.0,2.045,138.682,837542.0,10737.8
1164,22-05-2018,bitcoin,,54176.0,2.109,116.543,836527.0,9868.74468085106
1165,21-05-2018,bitcoin,,54210.0,2.25,180.208,835428.0,8727.44897959184
1166,20-05-2018,bitcoin,,54207.0,2.34,204.298,834355.0,9310.77083333333
1167,19-05-2018,bitcoin,,54198.0,2.319,161.383,833449.0,9912.29166666667
1168,18-05-2018,bitcoin,,54107.0,2.362,142.681,832448.0,10434.7291666667
1169,17-05-2018,bitcoin,,54087.0,2.383,131.553,831541.0,12887.5416666667
1170,16-05-2018,bitcoin,,53923.0,2.408,132.286,830574.0,12818.38
1171,15-05-2018,bitcoin,,53834.0,2.143,165.857,829593.0,10083.54
1172,14-05-2018,bitcoin,,53705.0,2.063,189.708,828621.0,9226.26530612245
1173,13-05-2018,bitcoin,,53516.0,2.213,167.745,827519.0,8737.54166666667
1174,12-05-2018,bitcoin,,53337.0,2.17,153.532,826547.0,9287.81632653061
1175,11-05-2018,bitcoin,,53054.0,2.104,152.313,825628.0,10083.1224489796
1176,10-05-2018,bitcoin,,51978.0,1.938,162.417,824531.0,9989.79591836735
1177,09-05-2018,bitcoin,,51900.0,2.042,153.646,823410.0,9267.30612244898
1178,08-05-2018,bitcoin,,51786.0,2.298,153.915,822257.0,8853.26530612245
1179,07-05-2018,bitcoin,,51673.0,2.354,161.479,821078.0,9425.4693877551
1180,06-05-2018,bitcoin,,51583.0,2.167,164.625,820141.0,9832.59183673469
1181,05-05-2018,bitcoin,,51397.0,1.917,173.333,819155.0,9853.02040816327
1182,04-05-2018,bitcoin,,51236.0,1.918,181.898,818156.0,10034.22
1183,03-05-2018,bitcoin,,840365.0,2.216,175.765,817099.0,11580.2884615385
1184,02-05-2018,bitcoin,,839907.0,2.265,153.245,816022.0,13203.0
1185,01-05-2018,bitcoin,,839471.0,2.149,142.766,815154.0,11561.3125
1186,30-04-2018,bitcoin,,839101.0,2.213,170.809,813915.0,10085.8541666667
1187,29-04-2018,bitcoin,,838875.0,2.213,194.809,812990.0,9590.77551020408
1188,28-04-2018,bitcoin,,838553.0,2.061,201.306,812041.0,9323.4
1189,27-04-2018,bitcoin,,837963.0,1.796,219.122,811180.0,9615.08
1190,26-04-2018,bitcoin,,837411.0,1.918,216.633,810339.0,10583.92
1191,25-04-2018,bitcoin,,836771.0,2.06,210.12,809377.0,12444.862745098
1192,24-04-2018,bitcoin,,836162.0,2.333,239.513,808345.0,14117.075
1193,23-04-2018,bitcoin,,835472.0,3.24,270.96,806998.0,13234.4230769231
1194,22-04-2018,bitcoin,,835070.0,3.792,300.083,805962.0,12030.0
1195,21-04-2018,bitcoin,,834545.0,3.276,286.138,805068.0,11656.0
1196,20-04-2018,bitcoin,,833814.0,2.171,206.098,804082.0,10458.0
1197,19-04-2018,bitcoin,,,1.958,180.063,803269.0,11052.0
1198,18-04-2018,bitcoin,,,2.146,200.354,802516.0,10831.0
1199,17-04-2018,bitcoin,,,2.104,211.813,801643.0,9488.0
1200,16-04-2018,bitcoin,,,2.184,207.837,800802.0,10172.0
1201,15-04-2018,bitcoin,,,2.2,188.08,799762.0,10580.0
1202,14-04-2018,bitcoin,,,1.857,216.0,798816.0,9849.0
1203,13-04-2018,bitcoin,,,2.0,251.375,797971.0,9833.0
1204,12-04-2018,bitcoin,,,2.327,213.592,796879.0,9487.0
1205,11-04-2018,bitcoin,,,2.143,193.898,795825.0,9035.0
1206,10-04-2018,bitcoin,,,1.918,200.959,794822.0,11505.0
1207,09-04-2018,bitcoin,,,2.039,188.373,793822.0,12620.0
1208,08-04-2018,bitcoin,,,1.96,176.1,792910.0,10493.0
1209,07-04-2018,bitcoin,,823515.0,1.813,208.813,791945.0,9679.0
1210,06-04-2018,bitcoin,,822651.0,1.96,256.94,791109.0,9916.0
1211,05-04-2018,bitcoin,,821999.0,2.063,265.146,790079.0,9647.0
1212,04-04-2018,bitcoin,,821313.0,2.271,234.021,788889.0,9587.0
1213,03-04-2018,bitcoin,,820613.0,2.143,197.878,787829.0,9394.0
1214,02-04-2018,bitcoin,,819968.0,1.917,190.979,786597.0,9281.0
1215,01-04-2018,bitcoin,,819312.0,2.083,233.396,785619.0,10069.0
1216,31-03-2018,bitcoin,,818801.0,2.041,292.571,784591.0,11405.0
1217,30-03-2018,bitcoin,,818120.0,1.94,285.64,783569.0,12745.0
1218,29-03-2018,bitcoin,,817474.0,1.98,226.837,782330.0,11972.0
1219,28-03-2018,bitcoin,,,2.063,222.458,781230.0,10374.0
1220,27-03-2018,bitcoin,,815835.0,2.224,219.612,780201.0,10425.0
1221,26-03-2018,bitcoin,,814953.0,2.102,161.531,779273.0,10374.0
1222,25-03-2018,bitcoin,,814143.0,1.898,157.592,778559.0,9815.0
1223,24-03-2018,bitcoin,,813349.0,1.96,188.94,777980.0,9909.0
1224,23-03-2018,bitcoin,,812601.0,2.1,217.44,777415.0,10464.0
1225,22-03-2018,bitcoin,,811701.0,2.122,220.082,776742.0,10784.0
1226,21-03-2018,bitcoin,,810556.0,2.245,219.878,775910.0,11563.0
1227,20-03-2018,bitcoin,,810590.0,2.184,232.816,775108.0,12587.0
1228,19-03-2018,bitcoin,,809931.0,2.271,247.625,774150.0,12238.0
1229,18-03-2018,bitcoin,,809031.0,2.229,220.938,773301.0,11744.0
1230,17-03-2018,bitcoin,,808283.0,2.0,189.735,772394.0,10915.0
1231,16-03-2018,bitcoin,,,1.837,256.49,771686.0,10912.0
1232,15-03-2018,bitcoin,,806370.0,1.787,306.553,770868.0,12290.0
1233,14-03-2018,bitcoin,,805216.0,1.854,256.938,769906.0,12068.0
1234,13-03-2018,bitcoin,,,1.735,223.429,768870.0,12571.0
1235,12-03-2018,bitcoin,,,1.959,221.143,767281.0,12326.0
1236,11-03-2018,bitcoin,,,2.208,216.542,765892.0,11165.0
1237,10-03-2018,bitcoin,,,2.021,271.583,765129.0,12060.0
1238,09-03-2018,bitcoin,,,1.959,302.714,764383.0,12473.0
1239,08-03-2018,bitcoin,,,1.98,264.082,763303.0,12071.0
1240,07-03-2018,bitcoin,,,1.918,226.612,762216.0,11336.0
1241,06-03-2018,bitcoin,,,1.959,178.551,761156.0,11661.0
1242,05-03-2018,bitcoin,,,1.939,158.429,760145.0,11403.0
1243,04-03-2018,bitcoin,,,1.875,169.896,759225.0,11149.0
1244,03-03-2018,bitcoin,,,1.813,172.0,758299.0,10995.0
1245,02-03-2018,bitcoin,,,1.918,211.918,757324.0,10098.0
1246,01-03-2018,bitcoin,,,2.021,259.521,756438.0,9927.0
1247,28-02-2018,bitcoin,,791629.0,1.958,265.417,755245.0,10277.0
1248,27-02-2018,bitcoin,,790002.0,1.959,243.735,754146.0,10332.0
1249,26-02-2018,bitcoin,,788563.0,1.898,199.653,753026.0,9420.0
1250,25-02-2018,bitcoin,,787205.0,1.796,191.082,751915.0,9025.0
1251,24-02-2018,bitcoin,,785824.0,1.875,230.604,750934.0,8687.0
1252,23-02-2018,bitcoin,,784687.0,2.0,248.551,749970.0,9198.0
1253,22-02-2018,bitcoin,,783182.0,1.792,245.208,748922.0,10451.0
1254,21-02-2018,bitcoin,,781652.0,1.833,244.208,,
1255,20-02-2018,bitcoin,,780153.0,1.979,249.563,746342.0,11890.0
1256,19-02-2018,bitcoin,,778502.0,1.918,249.898,745037.0,13813.0
1257,18-02-2018,bitcoin,,777093.0,2.224,220.041,743720.0,14396.0
1258,17-02-2018,bitcoin,,775628.0,2.02,207.51,741925.0,13354.0
1259,16-02-2018,bitcoin,,774257.0,1.958,260.979,740779.0,13476.0
1260,15-02-2018,bitcoin,,772743.0,2.104,298.271,739364.0,12652.0
1261,14-02-2018,bitcoin,,771033.0,1.878,300.816,738188.0,12270.0
1262,13-02-2018,bitcoin,,769655.0,1.857,298.082,737015.0,13037.0
1263,12-02-2018,bitcoin,,768465.0,1.857,263.714,735692.0,13110.0
1264,11-02-2018,bitcoin,,766632.0,2.0,252.229,734389.0,12820.0
1265,10-02-2018,bitcoin,,764902.0,1.959,303.163,733214.0,13045.0
1266,09-02-2018,bitcoin,,762829.0,1.878,368.612,731905.0,13488.0
1267,08-02-2018,bitcoin,,759636.0,1.771,398.188,730234.0,13675.0
1268,07-02-2018,bitcoin,,757331.0,1.755,503.265,728105.0,16102.0
1269,06-02-2018,bitcoin,,755022.0,2.08,593.4,726276.0,18563.0
1270,05-02-2018,bitcoin,,752528.0,2.082,437.469,723613.0,17679.0
1271,04-02-2018,bitcoin,,750715.0,1.816,376.735,721463.0,15252.0
1272,03-02-2018,bitcoin,,748931.0,1.729,559.125,719273.0,16801.0
1273,02-02-2018,bitcoin,,747204.0,1.918,563.0,717659.0,18385.0
1274,01-02-2018,bitcoin,,744968.0,2.104,431.875,715375.0,17427.0
1275,31-01-2018,bitcoin,,742819.0,2.106,375.0,712829.0,15555.0
1276,30-01-2018,bitcoin,,740668.0,2.063,341.792,710474.0,12904.0
1277,29-01-2018,bitcoin,,738534.0,2.061,289.306,708164.0,11842.0
1278,28-01-2018,bitcoin,,735986.0,2.122,269.653,705571.0,11941.0
1279,27-01-2018,bitcoin,,733547.0,2.056,276.694,701907.0,13325.0
1280,26-01-2018,bitcoin,,731035.0,1.667,238.75,699895.0,14820.0
1281,25-01-2018,bitcoin,,728215.0,0.0,0.0,,
1282,24-01-2018,bitcoin,,725446.0,1.796,361.653,,
1283,23-01-2018,bitcoin,,723091.0,1.857,359.796,693635.0,17362.0
1284,22-01-2018,bitcoin,,720119.0,1.796,296.633,691247.0,17230.0
1285,21-01-2018,bitcoin,,717010.0,1.75,277.313,688643.0,15593.0
1286,20-01-2018,bitcoin,,713742.0,1.833,323.479,686361.0,16243.0
1287,19-01-2018,bitcoin,,710804.0,1.776,466.857,684153.0,17870.0
1288,18-01-2018,bitcoin,,706970.0,1.694,674.735,681568.0,21466.0
1289,17-01-2018,bitcoin,,702027.0,1.88,592.26,678053.0,22750.0
1290,16-01-2018,bitcoin,,696998.0,2.041,374.061,672691.0,18084.0
1291,15-01-2018,bitcoin,,692200.0,1.917,286.583,667570.0,13456.0
1292,14-01-2018,bitcoin,,687617.0,1.755,300.735,664936.0,12645.0
1293,13-01-2018,bitcoin,,684061.0,1.729,347.083,,
1294,12-01-2018,bitcoin,,680099.0,2.063,356.458,659330.0,13009.0
1295,11-01-2018,bitcoin,,673033.0,2.245,336.327,656404.0,13229.0
1296,10-01-2018,bitcoin,,666608.0,2.14,362.3,652703.0,13621.0
1297,09-01-2018,bitcoin,,661779.0,2.143,391.49,649038.0,14801.0
1298,08-01-2018,bitcoin,,656270.0,2.128,397.213,645485.0,15593.0
1299,07-01-2018,bitcoin,,649357.0,2.152,397.565,,
1300,06-01-2018,bitcoin,,642512.0,2.357,390.643,636739.0,13233.0
1301,05-01-2018,bitcoin,,634819.0,2.182,351.159,633065.0,13259.0
1302,04-01-2018,bitcoin,,627476.0,1.958,295.063,,
1303,03-01-2018,bitcoin,,620798.0,2.149,282.085,625459.0,12553.0
1304,02-01-2018,bitcoin,,615548.0,2.239,309.913,621752.0,11923.0
1305,01-01-2018,bitcoin,,611286.0,2.106,397.766,618113.0,11891.0
1306,31-12-2017,bitcoin,,608107.0,2.146,450.958,615402.0,13640.0
1307,30-12-2017,bitcoin,,603664.0,2.042,445.896,612412.0,14074.0
1308,29-12-2017,bitcoin,,598868.0,1.938,432.458,608699.0,14719.0
1309,28-12-2017,bitcoin,,594016.0,1.979,470.229,605649.0,15662.0
1310,27-12-2017,bitcoin,,588830.0,2.085,541.191,601628.0,15005.0
1311,26-12-2017,bitcoin,,583600.0,2.319,519.255,597957.0,13752.0
1312,25-12-2017,bitcoin,,578932.0,2.354,484.292,594391.0,13419.0
1313,24-12-2017,bitcoin,,574295.0,2.208,703.125,590937.0,16099.0
1314,23-12-2017,bitcoin,,568589.0,1.939,1084.429,587584.0,25067.0
1315,22-12-2017,bitcoin,,561927.0,1.875,1077.896,582959.0,26336.0
1316,21-12-2017,bitcoin,,554303.0,2.082,1013.939,574472.0,21775.0
1317,20-12-2017,bitcoin,,546115.0,2.388,903.694,569643.0,21055.0
1318,19-12-2017,bitcoin,,538558.0,2.313,589.563,563567.0,18147.0
1319,18-12-2017,bitcoin,,533177.0,2.021,513.729,558574.0,17262.0
1320,17-12-2017,bitcoin,,527778.0,2.021,510.5,553747.0,16942.0
1321,16-12-2017,bitcoin,,522939.0,2.061,564.735,549297.0,16107.0
1322,15-12-2017,bitcoin,,518429.0,1.857,672.939,545223.0,16426.0
1323,14-12-2017,bitcoin,,512828.0,1.857,728.367,541339.0,17949.0
1324,13-12-2017,bitcoin,,507111.0,1.88,667.28,537028.0,19385.0
1325,12-12-2017,bitcoin,,500135.0,2.02,741.449,531616.0,20792.0
1326,11-12-2017,bitcoin,,494812.0,2.064,755.872,526017.0,20643.0
1327,10-12-2017,bitcoin,,489815.0,2.0,675.208,520697.0,20055.0
1328,09-12-2017,bitcoin,,485155.0,1.896,898.813,515483.0,21497.0
1329,08-12-2017,bitcoin,,479556.0,0.0,0.0,510389.0,25855.0
1330,07-12-2017,bitcoin,,470564.0,2.333,1095.578,501782.0,24214.0
1331,06-12-2017,bitcoin,,465074.0,2.064,599.404,489597.0,16248.0
1332,05-12-2017,bitcoin,,461169.0,2.021,514.468,485427.0,13883.0
1333,04-12-2017,bitcoin,,457657.0,1.979,506.872,482178.0,12644.0
1334,03-12-2017,bitcoin,,,1.875,541.833,478651.0,11041.0
1335,02-12-2017,bitcoin,,451127.0,1.918,728.673,475469.0,11229.0
1336,01-12-2017,bitcoin,,447935.0,1.771,807.563,472080.0,14336.0
1337,30-11-2017,bitcoin,,443550.0,1.896,859.271,468476.0,20935.0
1338,29-11-2017,bitcoin,,436933.0,2.396,776.354,462192.0,22162.0
1339,28-11-2017,bitcoin,,432628.0,2.333,602.5,451841.0,16910.0
1340,27-11-2017,bitcoin,,428950.0,2.234,793.83,446587.0,15150.0
1341,26-11-2017,bitcoin,,425495.0,2.229,604.063,442354.0,11728.0
1342,25-11-2017,bitcoin,,423059.0,2.229,294.042,437525.0,8271.0
1343,24-11-2017,bitcoin,,421168.0,2.167,325.083,435537.0,8144.0
1344,23-11-2017,bitcoin,,419077.0,1.898,364.102,433715.0,8568.0
1345,22-11-2017,bitcoin,,416850.0,1.857,383.776,431914.0,10077.0
1346,21-11-2017,bitcoin,,414439.0,2.122,380.571,430095.0,11038.0
1347,20-11-2017,bitcoin,,411896.0,2.396,350.625,427484.0,10359.0
1348,19-11-2017,bitcoin,,409642.0,2.245,338.959,425082.0,10450.0
1349,18-11-2017,bitcoin,,407627.0,1.98,355.776,422996.0,13401.0
1350,17-11-2017,bitcoin,,405376.0,2.191,389.213,420482.0,15631.0
1351,16-11-2017,bitcoin,,402297.0,2.229,389.313,417494.0,15537.0
1352,15-11-2017,bitcoin,,400083.0,2.694,410.776,415268.0,15289.0
1353,14-11-2017,bitcoin,,,2.75,485.667,413382.0,15541.0
1354,13-11-2017,bitcoin,,,2.234,542.17,411401.0,14740.0
1355,12-11-2017,bitcoin,,393462.0,2.146,544.563,408764.0,11439.0
1356,11-11-2017,bitcoin,,391435.0,2.125,468.729,405827.0,9939.0
1357,10-11-2017,bitcoin,,389425.0,2.0,394.776,403827.0,9564.0
1358,09-11-2017,bitcoin,,387602.0,2.02,403.633,401535.0,8810.0
1359,08-11-2017,bitcoin,,385042.0,2.163,367.143,399343.0,8486.0
1360,07-11-2017,bitcoin,,383284.0,2.083,333.229,397126.0,9545.0
1361,06-11-2017,bitcoin,,381421.0,1.979,324.229,395300.0,10046.0
1362,05-11-2017,bitcoin,,379688.0,1.959,310.939,392614.0,8886.0
1363,04-11-2017,bitcoin,,378115.0,1.918,364.0,390376.0,8307.0
1364,03-11-2017,bitcoin,,376438.0,1.833,393.167,388184.0,8315.0
1365,02-11-2017,bitcoin,,374265.0,2.021,362.375,385844.0,7982.0
1366,01-11-2017,bitcoin,,372093.0,1.898,297.939,382531.0,6792.0
1367,31-10-2017,bitcoin,,370382.0,1.792,247.417,380256.0,6407.0
1368,30-10-2017,bitcoin,,368938.0,2.167,214.792,378730.0,6417.0
1369,29-10-2017,bitcoin,,367646.0,2.184,219.98,377219.0,6545.0
1370,28-10-2017,bitcoin,,366557.0,1.878,234.306,376025.0,6818.0
1371,27-10-2017,bitcoin,,365408.0,2.13,272.478,375114.0,7226.0
1372,26-10-2017,bitcoin,,363986.0,2.222,281.0,373967.0,7203.0
1373,25-10-2017,bitcoin,,362944.0,2.143,269.082,372585.0,7165.0
1374,24-10-2017,bitcoin,,361070.0,1.959,237.163,371229.0,7481.0
1375,23-10-2017,bitcoin,,359061.0,1.878,224.02,369635.0,7753.0
1376,22-10-2017,bitcoin,,357381.0,1.959,252.102,368104.0,8570.0
1377,21-10-2017,bitcoin,,355854.0,2.167,256.146,366756.0,9883.0
1378,20-10-2017,bitcoin,,354256.0,2.146,254.833,365209.0,10332.0
1379,19-10-2017,bitcoin,,353410.0,1.939,225.857,363722.0,10160.0
1380,18-10-2017,bitcoin,,352764.0,2.0,219.438,362545.0,10386.0
1381,17-10-2017,bitcoin,,352052.0,2.0,220.5,360981.0,11370.0
1382,16-10-2017,bitcoin,,351238.0,2.106,213.511,359588.0,11816.0
1383,15-10-2017,bitcoin,,,2.208,246.479,358060.0,12081.0
1384,14-10-2017,bitcoin,,349733.0,2.143,344.898,356499.0,13409.0
1385,13-10-2017,bitcoin,,348938.0,2.163,363.02,355214.0,12969.0
1386,12-10-2017,bitcoin,,347834.0,2.042,279.563,352021.0,10953.0
1387,11-10-2017,bitcoin,,347287.0,1.918,238.204,349803.0,10289.0
1388,10-10-2017,bitcoin,,346745.0,2.061,223.551,348808.0,9863.0
1389,09-10-2017,bitcoin,,346238.0,2.02,176.816,347705.0,8724.0
1390,08-10-2017,bitcoin,,345709.0,2.021,206.917,346777.0,8429.0
1391,07-10-2017,bitcoin,,345328.0,2.208,239.708,345776.0,10508.0
1392,06-10-2017,bitcoin,,344955.0,2.167,200.438,345107.0,10959.0
1393,05-10-2017,bitcoin,,344522.0,2.082,205.143,344243.0,9349.0
1394,04-10-2017,bitcoin,,344024.0,1.959,216.347,343188.0,9210.0
1395,03-10-2017,bitcoin,,343504.0,1.898,197.837,342211.0,8901.0
1396,02-10-2017,bitcoin,,343021.0,1.958,194.625,341183.0,8776.0
1397,01-10-2017,bitcoin,,342308.0,1.875,200.688,340253.0,8707.0
1398,30-09-2017,bitcoin,,341425.0,2.061,252.184,339435.0,8413.0
1399,29-09-2017,bitcoin,,340424.0,2.143,272.755,338723.0,8816.0
1400,28-09-2017,bitcoin,,339329.0,1.979,240.604,337906.0,9506.0
1401,27-09-2017,bitcoin,,338098.0,2.041,206.653,336938.0,9674.0
1402,26-09-2017,bitcoin,,336872.0,2.224,174.265,335761.0,9807.0
1403,25-09-2017,bitcoin,,335739.0,2.347,166.408,334851.0,9757.0
1404,24-09-2017,bitcoin,,334804.0,2.102,147.449,333970.0,9641.0
1405,23-09-2017,bitcoin,,333821.0,2.0,151.184,333071.0,10141.0
1406,22-09-2017,bitcoin,,332611.0,2.061,192.816,332328.0,10633.0
1407,21-09-2017,bitcoin,,331314.0,1.918,212.959,331407.0,11021.0
1408,20-09-2017,bitcoin,,329951.0,1.776,209.735,330440.0,11939.0
1409,19-09-2017,bitcoin,,328528.0,1.917,223.021,329303.0,13242.0
1410,18-09-2017,bitcoin,,327024.0,2.104,228.146,328228.0,13782.0
1411,17-09-2017,bitcoin,,325558.0,2.063,251.104,326877.0,13224.0
1412,16-09-2017,bitcoin,,324029.0,2.106,312.085,325711.0,11846.0
1413,15-09-2017,bitcoin,,322016.0,2.042,304.479,324462.0,11076.0
1414,14-09-2017,bitcoin,,,2.0,253.729,322506.0,11717.0
1415,13-09-2017,bitcoin,,317625.0,1.959,214.816,320672.0,8674.0
1416,12-09-2017,bitcoin,,315784.0,1.98,175.449,318914.0,4885.0
1417,11-09-2017,bitcoin,,314247.0,2.021,158.792,317891.0,4460.0
1418,10-09-2017,bitcoin,,312664.0,1.896,171.188,316785.0,4409.0
1419,09-09-2017,bitcoin,,311267.0,1.875,205.688,315724.0,5076.0
1420,08-09-2017,bitcoin,,309472.0,2.042,206.021,314609.0,5275.0
1421,07-09-2017,bitcoin,,307810.0,2.229,205.813,312942.0,4823.0
1422,06-09-2017,bitcoin,,306097.0,2.104,208.271,311386.0,5176.0
1423,05-09-2017,bitcoin,,304401.0,1.918,197.51,310094.0,5429.0
1424,04-09-2017,bitcoin,,302418.0,2.063,180.625,308709.0,4780.0
1425,03-09-2017,bitcoin,,300646.0,1.959,195.041,307456.0,4752.0
1426,02-09-2017,bitcoin,,298964.0,2.122,236.878,306468.0,5541.0
1427,01-09-2017,bitcoin,,297015.0,2.104,245.375,305257.0,7694.0
1428,31-08-2017,bitcoin,,294933.0,1.896,256.813,304169.0,9376.0
1429,30-08-2017,bitcoin,,292858.0,2.083,266.542,303090.0,7807.0
1430,29-08-2017,bitcoin,,290812.0,2.042,209.375,302100.0,5912.0
1431,28-08-2017,bitcoin,,288861.0,1.959,218.204,300782.0,4755.0
1432,27-08-2017,bitcoin,,287316.0,1.857,285.735,300032.0,4360.0
1433,26-08-2017,bitcoin,,285889.0,1.875,315.583,299354.0,5165.0
1434,25-08-2017,bitcoin,,284243.0,2.333,308.25,298622.0,6129.0
1435,24-08-2017,bitcoin,,281608.0,2.265,295.939,297698.0,5891.0
1436,23-08-2017,bitcoin,,278474.0,2.208,310.375,296752.0,5780.0
1437,22-08-2017,bitcoin,,275709.0,2.224,303.469,295762.0,5709.0
1438,21-08-2017,bitcoin,,273858.0,2.204,246.02,294733.0,4924.0
1439,20-08-2017,bitcoin,,272391.0,2.146,260.271,293918.0,4906.0
1440,19-08-2017,bitcoin,,271027.0,2.042,300.833,293057.0,5626.0
1441,18-08-2017,bitcoin,,269599.0,2.104,306.688,292234.0,6728.0
1442,17-08-2017,bitcoin,,268001.0,2.102,261.51,291151.0,6521.0
1443,16-08-2017,bitcoin,,266524.0,2.125,269.896,289928.0,6418.0
1444,15-08-2017,bitcoin,,264932.0,1.958,299.375,288759.0,6898.0
1445,14-08-2017,bitcoin,,263378.0,1.958,312.854,287050.0,7260.0
1446,13-08-2017,bitcoin,,261962.0,2.122,289.347,285584.0,6410.0
1447,12-08-2017,bitcoin,,260632.0,2.245,230.918,283024.0,4745.0
1448,11-08-2017,bitcoin,,259419.0,2.354,227.375,281967.0,4501.0
1449,10-08-2017,bitcoin,,258384.0,2.021,204.021,281036.0,5804.0
1450,09-08-2017,bitcoin,,257342.0,2.02,234.633,280371.0,6826.0
1451,08-08-2017,bitcoin,,256308.0,2.34,268.128,279655.0,6281.0
1452,07-08-2017,bitcoin,,255272.0,2.085,239.298,278845.0,6360.0
1453,06-08-2017,bitcoin,,254417.0,2.102,251.694,278064.0,6171.0
1454,05-08-2017,bitcoin,,253478.0,2.245,254.51,277334.0,5331.0
1455,04-08-2017,bitcoin,,252639.0,2.0,257.5,276034.0,4737.0
1456,03-08-2017,bitcoin,,251757.0,1.875,265.188,275221.0,5307.0
1457,02-08-2017,bitcoin,,250698.0,2.229,290.354,274630.0,6505.0
1458,01-08-2017,bitcoin,,249290.0,2.388,263.816,273707.0,5767.0
1459,31-07-2017,bitcoin,,248345.0,1.98,205.633,272425.0,4199.0
