,date,id,alexa_rank,bing_matches
0,29-07-2021,ethereum,3522,
1,28-07-2021,ethereum,3522,
2,27-07-2021,ethereum,3522,
3,26-07-2021,ethereum,3522,
4,25-07-2021,ethereum,3522,
5,24-07-2021,ethereum,3522,
6,23-07-2021,ethereum,3522,
7,22-07-2021,ethereum,3522,
8,21-07-2021,ethereum,3522,
9,20-07-2021,ethereum,3522,
10,19-07-2021,ethereum,3522,
11,18-07-2021,ethereum,3522,
12,17-07-2021,ethereum,3522,
13,16-07-2021,ethereum,3522,
14,15-07-2021,ethereum,3687,
15,14-07-2021,ethereum,3687,
16,13-07-2021,ethereum,3687,
17,12-07-2021,ethereum,3687,
18,11-07-2021,ethereum,3687,
19,10-07-2021,ethereum,3687,
20,09-07-2021,ethereum,3687,
21,08-07-2021,ethereum,3687,
22,07-07-2021,ethereum,3687,
23,06-07-2021,ethereum,3687,
24,05-07-2021,ethereum,3687,
25,04-07-2021,ethereum,3687,
26,03-07-2021,ethereum,3687,
27,02-07-2021,ethereum,3687,
28,01-07-2021,ethereum,3687,
29,30-06-2021,ethereum,3750,
30,29-06-2021,ethereum,3750,
31,28-06-2021,ethereum,3750,
32,27-06-2021,ethereum,3750,
33,26-06-2021,ethereum,3750,
34,25-06-2021,ethereum,3750,
35,24-06-2021,ethereum,3750,
36,23-06-2021,ethereum,3750,
37,22-06-2021,ethereum,3750,
38,21-06-2021,ethereum,3750,
39,20-06-2021,ethereum,3750,
40,19-06-2021,ethereum,3750,
41,18-06-2021,ethereum,3750,
42,17-06-2021,ethereum,3750,
43,16-06-2021,ethereum,3750,
44,15-06-2021,ethereum,4018,
45,14-06-2021,ethereum,4018,
46,13-06-2021,ethereum,4018,
47,12-06-2021,ethereum,4018,
48,11-06-2021,ethereum,4018,
49,10-06-2021,ethereum,4018,
50,09-06-2021,ethereum,4018,
51,08-06-2021,ethereum,4018,
52,07-06-2021,ethereum,4018,
53,06-06-2021,ethereum,4018,
54,05-06-2021,ethereum,4018,
55,04-06-2021,ethereum,4018,
56,03-06-2021,ethereum,4018,
57,02-06-2021,ethereum,4018,
58,01-06-2021,ethereum,4018,
59,31-05-2021,ethereum,4023,
60,30-05-2021,ethereum,4259,
61,29-05-2021,ethereum,4259,
62,28-05-2021,ethereum,4259,
63,27-05-2021,ethereum,4259,
64,26-05-2021,ethereum,4259,
65,25-05-2021,ethereum,4259,
66,24-05-2021,ethereum,4259,
67,23-05-2021,ethereum,4259,
68,22-05-2021,ethereum,4259,
69,21-05-2021,ethereum,4259,
70,20-05-2021,ethereum,4259,
71,19-05-2021,ethereum,4259,
72,18-05-2021,ethereum,4259,
73,17-05-2021,ethereum,4259,
74,16-05-2021,ethereum,4259,
75,15-05-2021,ethereum,4856,
76,14-05-2021,ethereum,4856,
77,13-05-2021,ethereum,4856,
78,12-05-2021,ethereum,4856,
79,11-05-2021,ethereum,4856,
80,10-05-2021,ethereum,4856,
81,09-05-2021,ethereum,4856,
82,08-05-2021,ethereum,4856,
83,07-05-2021,ethereum,4856,
84,06-05-2021,ethereum,4856,
85,05-05-2021,ethereum,4856,
86,04-05-2021,ethereum,4856,
87,03-05-2021,ethereum,4856,
88,02-05-2021,ethereum,4856,
89,01-05-2021,ethereum,4856,
90,30-04-2021,ethereum,5558,
91,29-04-2021,ethereum,5558,
92,28-04-2021,ethereum,5558,
93,27-04-2021,ethereum,5558,
94,26-04-2021,ethereum,5558,
95,25-04-2021,ethereum,5558,
96,24-04-2021,ethereum,5558,
97,23-04-2021,ethereum,5558,
98,22-04-2021,ethereum,5558,
99,21-04-2021,ethereum,5558,
100,20-04-2021,ethereum,5558,
101,19-04-2021,ethereum,5558,
102,18-04-2021,ethereum,5558,
103,17-04-2021,ethereum,5558,
104,16-04-2021,ethereum,5558,
105,15-04-2021,ethereum,6152,
106,14-04-2021,ethereum,6152,
107,13-04-2021,ethereum,6152,
108,12-04-2021,ethereum,6152,
109,11-04-2021,ethereum,6152,
110,10-04-2021,ethereum,6152,
111,09-04-2021,ethereum,6152,
112,08-04-2021,ethereum,6152,
113,07-04-2021,ethereum,6152,
114,06-04-2021,ethereum,6152,
115,05-04-2021,ethereum,6152,
116,04-04-2021,ethereum,6152,
117,03-04-2021,ethereum,6152,
118,02-04-2021,ethereum,6152,
119,01-04-2021,ethereum,6152,
120,31-03-2021,ethereum,6102,
121,30-03-2021,ethereum,6707,
122,29-03-2021,ethereum,6707,
123,28-03-2021,ethereum,6707,
124,27-03-2021,ethereum,6707,
125,26-03-2021,ethereum,6707,
126,25-03-2021,ethereum,6707,
127,24-03-2021,ethereum,6707,
128,23-03-2021,ethereum,6707,
129,22-03-2021,ethereum,6707,
130,21-03-2021,ethereum,6707,
131,20-03-2021,ethereum,6707,
132,19-03-2021,ethereum,6707,
133,18-03-2021,ethereum,6707,
134,17-03-2021,ethereum,6707,
135,16-03-2021,ethereum,6707,
136,15-03-2021,ethereum,7262,
137,14-03-2021,ethereum,7262,
138,13-03-2021,ethereum,7262,
139,12-03-2021,ethereum,7262,
140,11-03-2021,ethereum,7262,
141,10-03-2021,ethereum,7262,
142,09-03-2021,ethereum,7262,
143,08-03-2021,ethereum,7262,
144,07-03-2021,ethereum,7262,
145,06-03-2021,ethereum,7262,
146,05-03-2021,ethereum,7262,
147,04-03-2021,ethereum,7262,
148,03-03-2021,ethereum,7262,
149,02-03-2021,ethereum,7262,
150,01-03-2021,ethereum,7262,
151,28-02-2021,ethereum,7379,
152,27-02-2021,ethereum,7379,
153,26-02-2021,ethereum,7379,
154,25-02-2021,ethereum,7379,
155,24-02-2021,ethereum,7379,
156,23-02-2021,ethereum,7379,
157,22-02-2021,ethereum,7379,
158,21-02-2021,ethereum,7379,
159,20-02-2021,ethereum,7379,
160,19-02-2021,ethereum,7379,
161,18-02-2021,ethereum,7379,
162,17-02-2021,ethereum,7379,
163,16-02-2021,ethereum,7379,
164,15-02-2021,ethereum,7116,
165,14-02-2021,ethereum,7116,
166,13-02-2021,ethereum,7116,
167,12-02-2021,ethereum,7116,
168,11-02-2021,ethereum,7116,
169,10-02-2021,ethereum,7116,
170,09-02-2021,ethereum,7116,
171,08-02-2021,ethereum,7116,
172,07-02-2021,ethereum,7116,
173,06-02-2021,ethereum,7116,
174,05-02-2021,ethereum,7116,
175,04-02-2021,ethereum,7116,
176,03-02-2021,ethereum,7116,
177,02-02-2021,ethereum,7116,
178,01-02-2021,ethereum,7116,
179,31-01-2021,ethereum,7116,
180,30-01-2021,ethereum,7694,
181,29-01-2021,ethereum,7694,
182,28-01-2021,ethereum,7694,
183,27-01-2021,ethereum,7694,
184,26-01-2021,ethereum,7694,
185,25-01-2021,ethereum,7694,
186,24-01-2021,ethereum,7694,
187,23-01-2021,ethereum,7694,
188,22-01-2021,ethereum,7694,
189,21-01-2021,ethereum,7694,
190,20-01-2021,ethereum,7694,
191,19-01-2021,ethereum,7694,
192,18-01-2021,ethereum,7694,
193,17-01-2021,ethereum,7694,
194,16-01-2021,ethereum,7694,
195,15-01-2021,ethereum,7761,
196,14-01-2021,ethereum,7761,
197,13-01-2021,ethereum,7761,
198,12-01-2021,ethereum,7761,
199,11-01-2021,ethereum,7761,
200,10-01-2021,ethereum,7761,
201,09-01-2021,ethereum,7761,
202,08-01-2021,ethereum,7761,
203,07-01-2021,ethereum,7761,
204,06-01-2021,ethereum,7761,
205,05-01-2021,ethereum,7761,
206,04-01-2021,ethereum,7761,
207,03-01-2021,ethereum,7761,
208,02-01-2021,ethereum,7761,
209,01-01-2021,ethereum,7761,
210,31-12-2020,ethereum,7804,
211,30-12-2020,ethereum,7746,
212,29-12-2020,ethereum,7746,
213,28-12-2020,ethereum,7746,
214,27-12-2020,ethereum,7746,
215,26-12-2020,ethereum,7746,
216,25-12-2020,ethereum,7746,
217,24-12-2020,ethereum,7746,
218,23-12-2020,ethereum,7746,
219,22-12-2020,ethereum,7746,
220,21-12-2020,ethereum,7746,
221,20-12-2020,ethereum,7746,
222,19-12-2020,ethereum,7746,
223,18-12-2020,ethereum,7746,
224,17-12-2020,ethereum,7746,
225,16-12-2020,ethereum,7746,
226,15-12-2020,ethereum,8087,
227,14-12-2020,ethereum,8087,
228,13-12-2020,ethereum,8087,
229,12-12-2020,ethereum,8087,
230,11-12-2020,ethereum,8087,
231,10-12-2020,ethereum,8087,
232,09-12-2020,ethereum,8087,
233,08-12-2020,ethereum,8087,
234,07-12-2020,ethereum,8087,
235,06-12-2020,ethereum,8087,
236,05-12-2020,ethereum,8087,
237,04-12-2020,ethereum,8087,
238,03-12-2020,ethereum,8087,
239,02-12-2020,ethereum,8087,
240,01-12-2020,ethereum,8087,
241,30-11-2020,ethereum,8793,
242,29-11-2020,ethereum,8793,
243,28-11-2020,ethereum,8793,
244,27-11-2020,ethereum,8793,
245,26-11-2020,ethereum,8793,
246,25-11-2020,ethereum,8793,
247,24-11-2020,ethereum,8793,
248,23-11-2020,ethereum,8793,
249,22-11-2020,ethereum,8793,
250,21-11-2020,ethereum,8793,
251,20-11-2020,ethereum,8793,
252,19-11-2020,ethereum,8793,
253,18-11-2020,ethereum,8793,
254,17-11-2020,ethereum,8793,
255,16-11-2020,ethereum,8793,
256,15-11-2020,ethereum,9859,
257,14-11-2020,ethereum,9859,
258,13-11-2020,ethereum,9859,
259,12-11-2020,ethereum,9859,
260,11-11-2020,ethereum,9859,
261,10-11-2020,ethereum,9859,
262,09-11-2020,ethereum,9859,
263,08-11-2020,ethereum,9859,
264,07-11-2020,ethereum,9859,
265,06-11-2020,ethereum,9859,
266,05-11-2020,ethereum,9859,
267,04-11-2020,ethereum,9859,
268,03-11-2020,ethereum,9859,
269,02-11-2020,ethereum,9859,
270,01-11-2020,ethereum,9859,
271,31-10-2020,ethereum,9870,
272,30-10-2020,ethereum,9705,
273,29-10-2020,ethereum,9705,
274,28-10-2020,ethereum,9705,
275,27-10-2020,ethereum,9705,
276,26-10-2020,ethereum,9705,
277,25-10-2020,ethereum,9705,
278,24-10-2020,ethereum,9705,
279,23-10-2020,ethereum,9705,
280,22-10-2020,ethereum,9705,
281,21-10-2020,ethereum,9705,
282,20-10-2020,ethereum,9705,
283,19-10-2020,ethereum,9705,
284,18-10-2020,ethereum,9705,
285,17-10-2020,ethereum,9705,
286,16-10-2020,ethereum,9705,
287,15-10-2020,ethereum,10438,
288,14-10-2020,ethereum,10438,
289,13-10-2020,ethereum,10438,
290,12-10-2020,ethereum,10438,
291,11-10-2020,ethereum,10438,
292,10-10-2020,ethereum,10438,
293,09-10-2020,ethereum,10438,
294,08-10-2020,ethereum,10438,
295,07-10-2020,ethereum,10438,
296,06-10-2020,ethereum,10438,
297,05-10-2020,ethereum,10438,
298,04-10-2020,ethereum,10438,
299,03-10-2020,ethereum,10438,
300,02-10-2020,ethereum,10438,
301,01-10-2020,ethereum,10438,
302,30-09-2020,ethereum,11971,
303,29-09-2020,ethereum,11971,
304,28-09-2020,ethereum,11971,
305,27-09-2020,ethereum,11971,
306,26-09-2020,ethereum,11971,
307,25-09-2020,ethereum,11971,
308,24-09-2020,ethereum,11971,
309,23-09-2020,ethereum,11971,
310,22-09-2020,ethereum,11971,
311,21-09-2020,ethereum,11971,
312,20-09-2020,ethereum,11971,
313,19-09-2020,ethereum,11971,
314,18-09-2020,ethereum,11971,
315,17-09-2020,ethereum,11971,
316,16-09-2020,ethereum,11971,
317,15-09-2020,ethereum,12393,
318,14-09-2020,ethereum,12393,
319,13-09-2020,ethereum,12393,
320,12-09-2020,ethereum,12393,
321,11-09-2020,ethereum,12393,
322,10-09-2020,ethereum,12393,
323,09-09-2020,ethereum,12393,
324,08-09-2020,ethereum,12393,
325,07-09-2020,ethereum,12393,
326,06-09-2020,ethereum,12393,
327,05-09-2020,ethereum,12393,
328,04-09-2020,ethereum,12393,
329,03-09-2020,ethereum,12393,
330,02-09-2020,ethereum,12393,
331,01-09-2020,ethereum,12393,
332,31-08-2020,ethereum,12511,
333,30-08-2020,ethereum,13675,
334,29-08-2020,ethereum,13675,
335,28-08-2020,ethereum,13675,
336,27-08-2020,ethereum,13675,
337,26-08-2020,ethereum,13675,
338,25-08-2020,ethereum,13675,
339,24-08-2020,ethereum,13675,
340,23-08-2020,ethereum,13675,
341,22-08-2020,ethereum,13675,
342,21-08-2020,ethereum,13675,
343,20-08-2020,ethereum,13675,
344,19-08-2020,ethereum,13675,
345,18-08-2020,ethereum,13675,
346,17-08-2020,ethereum,13675,
347,16-08-2020,ethereum,13675,
348,15-08-2020,ethereum,14669,
349,14-08-2020,ethereum,14669,
350,13-08-2020,ethereum,14669,
351,12-08-2020,ethereum,14669,
352,11-08-2020,ethereum,14669,
353,10-08-2020,ethereum,14669,
354,09-08-2020,ethereum,14669,
355,08-08-2020,ethereum,14669,
356,07-08-2020,ethereum,14669,
357,06-08-2020,ethereum,14669,
358,05-08-2020,ethereum,14669,
359,04-08-2020,ethereum,14669,
360,03-08-2020,ethereum,14669,
361,02-08-2020,ethereum,14669,
362,01-08-2020,ethereum,14669,
363,31-07-2020,ethereum,14853,
364,30-07-2020,ethereum,15611,
365,29-07-2020,ethereum,15611,
366,28-07-2020,ethereum,15611,
367,27-07-2020,ethereum,15611,
368,26-07-2020,ethereum,15611,
369,25-07-2020,ethereum,15611,
370,24-07-2020,ethereum,15611,
371,23-07-2020,ethereum,15611,
372,22-07-2020,ethereum,15611,
373,21-07-2020,ethereum,15611,
374,20-07-2020,ethereum,15611,
375,19-07-2020,ethereum,15611,
376,18-07-2020,ethereum,15611,
377,17-07-2020,ethereum,15611,
378,16-07-2020,ethereum,15611,
379,15-07-2020,ethereum,16696,
380,14-07-2020,ethereum,16696,
381,13-07-2020,ethereum,16696,
382,12-07-2020,ethereum,16696,
383,11-07-2020,ethereum,16696,
384,10-07-2020,ethereum,16696,
385,09-07-2020,ethereum,16696,
386,08-07-2020,ethereum,16696,
387,07-07-2020,ethereum,16696,
388,06-07-2020,ethereum,16696,
389,05-07-2020,ethereum,16696,
390,04-07-2020,ethereum,16696,
391,03-07-2020,ethereum,16696,
392,02-07-2020,ethereum,16696,
393,01-07-2020,ethereum,16696,
394,30-06-2020,ethereum,17846,
395,29-06-2020,ethereum,17846,
396,28-06-2020,ethereum,17846,
397,27-06-2020,ethereum,17846,
398,26-06-2020,ethereum,17846,
399,25-06-2020,ethereum,17846,
400,24-06-2020,ethereum,17846,
401,23-06-2020,ethereum,17846,
402,22-06-2020,ethereum,17846,
403,21-06-2020,ethereum,17846,
404,20-06-2020,ethereum,17846,
405,19-06-2020,ethereum,17846,
406,18-06-2020,ethereum,17846,
407,17-06-2020,ethereum,17846,
408,16-06-2020,ethereum,17846,
409,15-06-2020,ethereum,19155,
410,14-06-2020,ethereum,19155,
411,13-06-2020,ethereum,19155,
412,12-06-2020,ethereum,19155,
413,11-06-2020,ethereum,19155,
414,10-06-2020,ethereum,19155,
415,09-06-2020,ethereum,19155,
416,08-06-2020,ethereum,19155,
417,07-06-2020,ethereum,19155,
418,06-06-2020,ethereum,19155,
419,05-06-2020,ethereum,19155,
420,04-06-2020,ethereum,19155,
421,03-06-2020,ethereum,19155,
422,02-06-2020,ethereum,19155,
423,01-06-2020,ethereum,19155,
424,31-05-2020,ethereum,19133,
425,30-05-2020,ethereum,19199,
426,29-05-2020,ethereum,19199,
427,28-05-2020,ethereum,19199,
428,27-05-2020,ethereum,19199,
429,26-05-2020,ethereum,19199,
430,25-05-2020,ethereum,19199,
431,24-05-2020,ethereum,19199,
432,23-05-2020,ethereum,19199,
433,22-05-2020,ethereum,19199,
434,21-05-2020,ethereum,19199,
435,20-05-2020,ethereum,19199,
436,19-05-2020,ethereum,19199,
437,18-05-2020,ethereum,19199,
438,17-05-2020,ethereum,19199,
439,16-05-2020,ethereum,19199,
440,15-05-2020,ethereum,20496,
441,14-05-2020,ethereum,20496,
442,13-05-2020,ethereum,20496,
443,12-05-2020,ethereum,20496,
444,11-05-2020,ethereum,20496,
445,10-05-2020,ethereum,20496,
446,09-05-2020,ethereum,20496,
447,08-05-2020,ethereum,20496,
448,07-05-2020,ethereum,20496,
449,06-05-2020,ethereum,20496,
450,05-05-2020,ethereum,20496,
451,04-05-2020,ethereum,20496,
452,03-05-2020,ethereum,20496,
453,02-05-2020,ethereum,20496,
454,01-05-2020,ethereum,20496,
455,30-04-2020,ethereum,21984,
456,29-04-2020,ethereum,21984,
457,28-04-2020,ethereum,21984,
458,27-04-2020,ethereum,21984,
459,26-04-2020,ethereum,21984,
460,25-04-2020,ethereum,21984,
461,24-04-2020,ethereum,21984,
462,23-04-2020,ethereum,21984,
463,22-04-2020,ethereum,21984,
464,21-04-2020,ethereum,21984,
465,20-04-2020,ethereum,21984,
466,19-04-2020,ethereum,21984,
467,18-04-2020,ethereum,21984,
468,17-04-2020,ethereum,21984,
469,16-04-2020,ethereum,21984,
470,15-04-2020,ethereum,20344,
471,14-04-2020,ethereum,20344,
472,13-04-2020,ethereum,20344,
473,12-04-2020,ethereum,20344,
474,11-04-2020,ethereum,20344,
475,10-04-2020,ethereum,20344,
476,09-04-2020,ethereum,20344,
477,08-04-2020,ethereum,20344,
478,07-04-2020,ethereum,20344,
479,06-04-2020,ethereum,20344,
480,05-04-2020,ethereum,20344,
481,04-04-2020,ethereum,20344,
482,03-04-2020,ethereum,20344,
483,02-04-2020,ethereum,20344,
484,01-04-2020,ethereum,20344,
485,31-03-2020,ethereum,20247,
486,30-03-2020,ethereum,19216,
487,29-03-2020,ethereum,19216,
488,28-03-2020,ethereum,19216,
489,27-03-2020,ethereum,19216,
490,26-03-2020,ethereum,19216,
491,25-03-2020,ethereum,19216,
492,24-03-2020,ethereum,19216,
493,23-03-2020,ethereum,19216,
494,22-03-2020,ethereum,19216,
495,21-03-2020,ethereum,19216,
496,20-03-2020,ethereum,19216,
497,19-03-2020,ethereum,19216,
498,18-03-2020,ethereum,19216,
499,17-03-2020,ethereum,19216,
500,16-03-2020,ethereum,19216,
501,15-03-2020,ethereum,19200,
502,14-03-2020,ethereum,19200,
503,13-03-2020,ethereum,19200,
504,12-03-2020,ethereum,19200,
505,11-03-2020,ethereum,19200,
506,10-03-2020,ethereum,19200,
507,09-03-2020,ethereum,19200,
508,08-03-2020,ethereum,19200,
509,07-03-2020,ethereum,19200,
510,06-03-2020,ethereum,19200,
511,05-03-2020,ethereum,19200,
512,04-03-2020,ethereum,19200,
513,03-03-2020,ethereum,19200,
514,02-03-2020,ethereum,19200,
515,01-03-2020,ethereum,19200,
516,29-02-2020,ethereum,20404,
517,28-02-2020,ethereum,20404,
518,27-02-2020,ethereum,20404,
519,26-02-2020,ethereum,20404,
520,25-02-2020,ethereum,20404,
521,24-02-2020,ethereum,20404,
522,23-02-2020,ethereum,20404,
523,22-02-2020,ethereum,20404,
524,21-02-2020,ethereum,20404,
525,20-02-2020,ethereum,20404,
526,19-02-2020,ethereum,20404,
527,18-02-2020,ethereum,20404,
528,17-02-2020,ethereum,20404,
529,16-02-2020,ethereum,20404,
530,15-02-2020,ethereum,19444,
531,14-02-2020,ethereum,19444,
532,13-02-2020,ethereum,19444,
533,12-02-2020,ethereum,19444,
534,11-02-2020,ethereum,19444,
535,10-02-2020,ethereum,19444,
536,09-02-2020,ethereum,19444,
537,08-02-2020,ethereum,19444,
538,07-02-2020,ethereum,19444,
539,06-02-2020,ethereum,19444,
540,05-02-2020,ethereum,19444,
541,04-02-2020,ethereum,19444,
542,03-02-2020,ethereum,19444,
543,02-02-2020,ethereum,19444,
544,01-02-2020,ethereum,19444,
545,31-01-2020,ethereum,19583,
546,30-01-2020,ethereum,19999,
547,29-01-2020,ethereum,19999,
548,28-01-2020,ethereum,19999,
549,27-01-2020,ethereum,19999,
550,26-01-2020,ethereum,19999,
551,25-01-2020,ethereum,19999,
552,24-01-2020,ethereum,19999,
553,23-01-2020,ethereum,19999,
554,22-01-2020,ethereum,19999,
555,21-01-2020,ethereum,19999,
556,20-01-2020,ethereum,19999,
557,19-01-2020,ethereum,19999,
558,18-01-2020,ethereum,19999,
559,17-01-2020,ethereum,19999,
560,16-01-2020,ethereum,19999,
561,15-01-2020,ethereum,21447,
562,14-01-2020,ethereum,21447,
563,13-01-2020,ethereum,21447,
564,12-01-2020,ethereum,21447,
565,11-01-2020,ethereum,21447,
566,10-01-2020,ethereum,21447,
567,09-01-2020,ethereum,21447,
568,08-01-2020,ethereum,21447,
569,07-01-2020,ethereum,21447,
570,06-01-2020,ethereum,21447,
571,05-01-2020,ethereum,21447,
572,04-01-2020,ethereum,21447,
573,03-01-2020,ethereum,21447,
574,02-01-2020,ethereum,21447,
575,01-01-2020,ethereum,21447,
576,31-12-2019,ethereum,21447,
577,30-12-2019,ethereum,23532,
578,29-12-2019,ethereum,23532,
579,28-12-2019,ethereum,23532,
580,27-12-2019,ethereum,23532,
581,26-12-2019,ethereum,23532,
582,25-12-2019,ethereum,23532,
583,24-12-2019,ethereum,23532,
584,23-12-2019,ethereum,23532,
585,22-12-2019,ethereum,23532,
586,21-12-2019,ethereum,23532,
587,20-12-2019,ethereum,23532,
588,19-12-2019,ethereum,23532,
589,18-12-2019,ethereum,23532,
590,17-12-2019,ethereum,23532,
591,16-12-2019,ethereum,23532,
592,15-12-2019,ethereum,25110,
593,14-12-2019,ethereum,25110,
594,13-12-2019,ethereum,25110,
595,12-12-2019,ethereum,25110,
596,11-12-2019,ethereum,25110,
597,10-12-2019,ethereum,25110,
598,09-12-2019,ethereum,25110,
599,08-12-2019,ethereum,25110,
600,07-12-2019,ethereum,25110,
601,06-12-2019,ethereum,25110,
602,05-12-2019,ethereum,25110,
603,04-12-2019,ethereum,25110,
604,03-12-2019,ethereum,25110,
605,02-12-2019,ethereum,25110,
606,01-12-2019,ethereum,25110,
607,30-11-2019,ethereum,23055,
608,29-11-2019,ethereum,23055,
609,28-11-2019,ethereum,23055,
610,27-11-2019,ethereum,23055,
611,26-11-2019,ethereum,23055,
612,25-11-2019,ethereum,23055,
613,24-11-2019,ethereum,23055,
614,23-11-2019,ethereum,23055,
615,22-11-2019,ethereum,23055,
616,21-11-2019,ethereum,23055,
617,20-11-2019,ethereum,23055,
618,19-11-2019,ethereum,23055,
619,18-11-2019,ethereum,23055,
620,17-11-2019,ethereum,23055,
621,16-11-2019,ethereum,23055,
622,15-11-2019,ethereum,23518,
623,14-11-2019,ethereum,23518,
624,13-11-2019,ethereum,23518,
625,12-11-2019,ethereum,23518,
626,11-11-2019,ethereum,23518,
627,10-11-2019,ethereum,23518,
628,09-11-2019,ethereum,23518,
629,08-11-2019,ethereum,23518,
630,07-11-2019,ethereum,23518,
631,06-11-2019,ethereum,23518,
632,05-11-2019,ethereum,23518,
633,04-11-2019,ethereum,23518,
634,03-11-2019,ethereum,23518,
635,02-11-2019,ethereum,23518,
636,01-11-2019,ethereum,23518,
637,31-10-2019,ethereum,23498,
638,30-10-2019,ethereum,24016,
639,29-10-2019,ethereum,24016,
640,28-10-2019,ethereum,24016,
641,27-10-2019,ethereum,24016,
642,26-10-2019,ethereum,24016,
643,25-10-2019,ethereum,24016,
644,24-10-2019,ethereum,24016,
645,23-10-2019,ethereum,24016,
646,22-10-2019,ethereum,24016,
647,21-10-2019,ethereum,24016,
648,20-10-2019,ethereum,24016,
649,19-10-2019,ethereum,24016,
650,18-10-2019,ethereum,24016,
651,17-10-2019,ethereum,24016,
652,16-10-2019,ethereum,24016,
653,15-10-2019,ethereum,23868,
654,14-10-2019,ethereum,23868,
655,13-10-2019,ethereum,23868,
656,12-10-2019,ethereum,23868,
657,11-10-2019,ethereum,23868,
658,10-10-2019,ethereum,23868,
659,09-10-2019,ethereum,23868,
660,08-10-2019,ethereum,23868,
661,07-10-2019,ethereum,23868,
662,06-10-2019,ethereum,23868,
663,05-10-2019,ethereum,23868,
664,04-10-2019,ethereum,23868,
665,03-10-2019,ethereum,23868,
666,02-10-2019,ethereum,23868,
667,01-10-2019,ethereum,23868,
668,30-09-2019,ethereum,24076,
669,29-09-2019,ethereum,24076,
670,28-09-2019,ethereum,24076,
671,27-09-2019,ethereum,24076,
672,26-09-2019,ethereum,24076,
673,25-09-2019,ethereum,24076,
674,24-09-2019,ethereum,24076,
675,23-09-2019,ethereum,24076,
676,22-09-2019,ethereum,24076,
677,21-09-2019,ethereum,24076,
678,20-09-2019,ethereum,24076,
679,19-09-2019,ethereum,24076,
680,18-09-2019,ethereum,24076,
681,17-09-2019,ethereum,24076,
682,16-09-2019,ethereum,24076,
683,15-09-2019,ethereum,24829,
684,14-09-2019,ethereum,24829,
685,13-09-2019,ethereum,24829,
686,12-09-2019,ethereum,24829,
687,11-09-2019,ethereum,24829,
688,10-09-2019,ethereum,24829,
689,09-09-2019,ethereum,24829,
690,08-09-2019,ethereum,24829,
691,07-09-2019,ethereum,24829,
692,06-09-2019,ethereum,24829,
693,05-09-2019,ethereum,24829,
694,04-09-2019,ethereum,24829,
695,03-09-2019,ethereum,24829,
696,02-09-2019,ethereum,24829,
697,01-09-2019,ethereum,24829,
698,31-08-2019,ethereum,24983,
699,30-08-2019,ethereum,27728,
700,29-08-2019,ethereum,27728,
701,28-08-2019,ethereum,27728,
702,27-08-2019,ethereum,27728,
703,26-08-2019,ethereum,27728,
704,25-08-2019,ethereum,27728,
705,24-08-2019,ethereum,27728,
706,23-08-2019,ethereum,27728,
707,22-08-2019,ethereum,27728,
708,21-08-2019,ethereum,27728,
709,20-08-2019,ethereum,27728,
710,19-08-2019,ethereum,27728,
711,18-08-2019,ethereum,27728,
712,17-08-2019,ethereum,27728,
713,16-08-2019,ethereum,27728,
714,15-08-2019,ethereum,31061,
715,14-08-2019,ethereum,31061,
716,13-08-2019,ethereum,31061,
717,12-08-2019,ethereum,31061,
718,11-08-2019,ethereum,31061,
719,10-08-2019,ethereum,31061,
720,09-08-2019,ethereum,31061,
721,08-08-2019,ethereum,31061,
722,07-08-2019,ethereum,31061,
723,06-08-2019,ethereum,31061,
724,05-08-2019,ethereum,31061,
725,04-08-2019,ethereum,31061,
726,03-08-2019,ethereum,31061,
727,02-08-2019,ethereum,31061,
728,01-08-2019,ethereum,31061,
729,31-07-2019,ethereum,31011,
730,30-07-2019,ethereum,33996,
731,29-07-2019,ethereum,33996,
732,28-07-2019,ethereum,33996,
733,27-07-2019,ethereum,33996,
734,26-07-2019,ethereum,33996,
735,25-07-2019,ethereum,33996,
736,24-07-2019,ethereum,33996,
737,23-07-2019,ethereum,33996,
738,22-07-2019,ethereum,33996,
739,21-07-2019,ethereum,33996,
740,20-07-2019,ethereum,33996,
741,19-07-2019,ethereum,33996,
742,18-07-2019,ethereum,33996,
743,17-07-2019,ethereum,33996,
744,16-07-2019,ethereum,33996,
745,15-07-2019,ethereum,35893,
746,14-07-2019,ethereum,35893,
747,13-07-2019,ethereum,35893,
748,12-07-2019,ethereum,35893,
749,11-07-2019,ethereum,35893,
750,10-07-2019,ethereum,35893,
751,09-07-2019,ethereum,35893,
752,08-07-2019,ethereum,35893,
753,07-07-2019,ethereum,35893,
754,06-07-2019,ethereum,35893,
755,05-07-2019,ethereum,35893,
756,04-07-2019,ethereum,35893,
757,03-07-2019,ethereum,35893,
758,02-07-2019,ethereum,35893,
759,01-07-2019,ethereum,35893,
760,30-06-2019,ethereum,37001,
761,29-06-2019,ethereum,37001,
762,28-06-2019,ethereum,37001,
763,27-06-2019,ethereum,37001,
764,26-06-2019,ethereum,37001,
765,25-06-2019,ethereum,37001,
766,24-06-2019,ethereum,37001,
767,23-06-2019,ethereum,37001,
768,22-06-2019,ethereum,37001,
769,21-06-2019,ethereum,37001,
770,20-06-2019,ethereum,37001,
771,19-06-2019,ethereum,37001,
772,18-06-2019,ethereum,37001,
773,17-06-2019,ethereum,37001,
774,16-06-2019,ethereum,37001,
775,15-06-2019,ethereum,37291,
776,14-06-2019,ethereum,37291,
777,13-06-2019,ethereum,37291,
778,12-06-2019,ethereum,37291,
779,11-06-2019,ethereum,37291,
780,10-06-2019,ethereum,37291,
781,09-06-2019,ethereum,37291,
782,08-06-2019,ethereum,37291,
783,07-06-2019,ethereum,37291,
784,06-06-2019,ethereum,37291,
785,05-06-2019,ethereum,37291,
786,04-06-2019,ethereum,37291,
787,03-06-2019,ethereum,37291,
788,02-06-2019,ethereum,37291,
789,01-06-2019,ethereum,37291,
790,31-05-2019,ethereum,37195,
791,30-05-2019,ethereum,37906,
792,29-05-2019,ethereum,37906,
793,28-05-2019,ethereum,37906,
794,27-05-2019,ethereum,37906,
795,26-05-2019,ethereum,37906,
796,25-05-2019,ethereum,37906,
797,24-05-2019,ethereum,37906,
798,23-05-2019,ethereum,37906,
799,22-05-2019,ethereum,37906,
800,21-05-2019,ethereum,37906,
801,20-05-2019,ethereum,37906,
802,19-05-2019,ethereum,37906,
803,18-05-2019,ethereum,37906,
804,17-05-2019,ethereum,37906,
805,16-05-2019,ethereum,37906,
806,15-05-2019,ethereum,36863,
807,14-05-2019,ethereum,36863,
808,13-05-2019,ethereum,36863,
809,12-05-2019,ethereum,36863,
810,11-05-2019,ethereum,36863,
811,10-05-2019,ethereum,36863,
812,09-05-2019,ethereum,36863,
813,08-05-2019,ethereum,36863,
814,07-05-2019,ethereum,36863,
815,06-05-2019,ethereum,36863,
816,05-05-2019,ethereum,36863,
817,04-05-2019,ethereum,36863,
818,03-05-2019,ethereum,36863,
819,02-05-2019,ethereum,36863,
820,01-05-2019,ethereum,36863,
821,30-04-2019,ethereum,34722,
822,29-04-2019,ethereum,34722,
823,28-04-2019,ethereum,34722,
824,27-04-2019,ethereum,34722,
825,26-04-2019,ethereum,34722,
826,25-04-2019,ethereum,34722,
827,24-04-2019,ethereum,34722,
828,23-04-2019,ethereum,34722,
829,22-04-2019,ethereum,34722,
830,21-04-2019,ethereum,34722,
831,20-04-2019,ethereum,34722,
832,19-04-2019,ethereum,34722,
833,18-04-2019,ethereum,34722,
834,17-04-2019,ethereum,34722,
835,16-04-2019,ethereum,34722,
836,15-04-2019,ethereum,33191,
837,14-04-2019,ethereum,33191,
838,13-04-2019,ethereum,33191,
839,12-04-2019,ethereum,33191,
840,11-04-2019,ethereum,33191,
841,10-04-2019,ethereum,33191,
842,09-04-2019,ethereum,33191,
843,08-04-2019,ethereum,33191,
844,07-04-2019,ethereum,33191,
845,06-04-2019,ethereum,33191,
846,05-04-2019,ethereum,33191,
847,04-04-2019,ethereum,33191,
848,03-04-2019,ethereum,33191,
849,02-04-2019,ethereum,33191,
850,01-04-2019,ethereum,33191,
851,31-03-2019,ethereum,33307,
852,30-03-2019,ethereum,32450,
853,29-03-2019,ethereum,32450,
854,28-03-2019,ethereum,32450,
855,27-03-2019,ethereum,32450,
856,26-03-2019,ethereum,32450,
857,25-03-2019,ethereum,32450,
858,24-03-2019,ethereum,32450,
859,23-03-2019,ethereum,32450,
860,22-03-2019,ethereum,32450,
861,21-03-2019,ethereum,32450,
862,20-03-2019,ethereum,32450,
863,19-03-2019,ethereum,32450,
864,18-03-2019,ethereum,32450,
865,17-03-2019,ethereum,32450,
866,16-03-2019,ethereum,32450,
867,15-03-2019,ethereum,32034,
868,14-03-2019,ethereum,32034,
869,13-03-2019,ethereum,32034,
870,12-03-2019,ethereum,32034,
871,11-03-2019,ethereum,32034,
872,10-03-2019,ethereum,32034,
873,09-03-2019,ethereum,32034,
874,08-03-2019,ethereum,32034,
875,07-03-2019,ethereum,32034,
876,06-03-2019,ethereum,32034,
877,05-03-2019,ethereum,32034,
878,04-03-2019,ethereum,32034,
879,03-03-2019,ethereum,32034,
880,02-03-2019,ethereum,32034,
881,01-03-2019,ethereum,32034,
882,28-02-2019,ethereum,29840,
883,27-02-2019,ethereum,29840,
884,26-02-2019,ethereum,29840,
885,25-02-2019,ethereum,29840,
886,24-02-2019,ethereum,29840,
887,23-02-2019,ethereum,29840,
888,22-02-2019,ethereum,29840,
889,21-02-2019,ethereum,29840,
890,20-02-2019,ethereum,29840,
891,19-02-2019,ethereum,29840,
892,18-02-2019,ethereum,29840,
893,17-02-2019,ethereum,29840,
894,16-02-2019,ethereum,29840,
895,15-02-2019,ethereum,27812,
896,14-02-2019,ethereum,27812,
897,13-02-2019,ethereum,27812,
898,12-02-2019,ethereum,27812,
899,11-02-2019,ethereum,27812,
900,10-02-2019,ethereum,27812,
901,09-02-2019,ethereum,27812,
902,08-02-2019,ethereum,27812,
903,07-02-2019,ethereum,27812,
904,06-02-2019,ethereum,27812,
905,05-02-2019,ethereum,27812,
906,04-02-2019,ethereum,27812,
907,03-02-2019,ethereum,27812,
908,02-02-2019,ethereum,27812,
909,01-02-2019,ethereum,27812,
910,31-01-2019,ethereum,27623,
911,30-01-2019,ethereum,27177,
912,29-01-2019,ethereum,27177,
913,28-01-2019,ethereum,27177,
914,27-01-2019,ethereum,26457,
915,26-01-2019,ethereum,26457,
916,25-01-2019,ethereum,26457,
917,24-01-2019,ethereum,26457,
918,23-01-2019,ethereum,26457,
919,22-01-2019,ethereum,26457,
920,21-01-2019,ethereum,26457,
921,20-01-2019,ethereum,26457,
922,19-01-2019,ethereum,26457,
923,18-01-2019,ethereum,26457,
924,17-01-2019,ethereum,26457,
925,16-01-2019,ethereum,26457,
926,15-01-2019,ethereum,26354,
927,14-01-2019,ethereum,26354,
928,13-01-2019,ethereum,26354,
929,12-01-2019,ethereum,26347,
930,11-01-2019,ethereum,26412,
931,10-01-2019,ethereum,26513,
932,09-01-2019,ethereum,26449,
933,08-01-2019,ethereum,26515,
934,07-01-2019,ethereum,26614,
935,06-01-2019,ethereum,26528,
936,05-01-2019,ethereum,26516,
937,04-01-2019,ethereum,26652,
938,03-01-2019,ethereum,26668,
939,02-01-2019,ethereum,26849,
940,01-01-2019,ethereum,26898,
941,31-12-2018,ethereum,26772,
942,30-12-2018,ethereum,26495,
943,29-12-2018,ethereum,26430,
944,28-12-2018,ethereum,26325,
945,27-12-2018,ethereum,26276,
946,26-12-2018,ethereum,26376,
947,25-12-2018,ethereum,26268,
948,24-12-2018,ethereum,26237,
949,23-12-2018,ethereum,26020,
950,22-12-2018,ethereum,25950,
951,21-12-2018,ethereum,25780,
952,20-12-2018,ethereum,25732,
953,19-12-2018,ethereum,25533,
954,18-12-2018,ethereum,25460,
955,17-12-2018,ethereum,25606,
956,16-12-2018,ethereum,25589,
957,15-12-2018,ethereum,25589,
958,14-12-2018,ethereum,25517,
959,13-12-2018,ethereum,25594,
960,12-12-2018,ethereum,25517,
961,11-12-2018,ethereum,25467,
962,10-12-2018,ethereum,25428,
963,09-12-2018,ethereum,25419,
964,08-12-2018,ethereum,25455,
965,07-12-2018,ethereum,25406,
966,06-12-2018,ethereum,25374,
967,05-12-2018,ethereum,25283,
968,04-12-2018,ethereum,25165,
969,03-12-2018,ethereum,25063,
970,02-12-2018,ethereum,25067,
971,01-12-2018,ethereum,24837,
972,30-11-2018,ethereum,24791,
973,29-11-2018,ethereum,24791,
974,28-11-2018,ethereum,24821,
975,27-11-2018,ethereum,24923,
976,26-11-2018,ethereum,24931,
977,25-11-2018,ethereum,24780,
978,24-11-2018,ethereum,24678,
979,23-11-2018,ethereum,24728,
980,22-11-2018,ethereum,24732,
981,21-11-2018,ethereum,24695,
982,20-11-2018,ethereum,24664,
983,19-11-2018,ethereum,24659,
984,18-11-2018,ethereum,24569,
985,17-11-2018,ethereum,24456,
986,16-11-2018,ethereum,24486,
987,15-11-2018,ethereum,24508,
988,14-11-2018,ethereum,24356,
989,13-11-2018,ethereum,24300,
990,12-11-2018,ethereum,24241,
991,11-11-2018,ethereum,24231,
992,10-11-2018,ethereum,24194,
993,09-11-2018,ethereum,24185,
994,08-11-2018,ethereum,24164,
995,07-11-2018,ethereum,23824,
996,06-11-2018,ethereum,23638,
997,05-11-2018,ethereum,23638,
998,04-11-2018,ethereum,23469,
999,03-11-2018,ethereum,23340,
1000,02-11-2018,ethereum,23376,
1001,01-11-2018,ethereum,23390,
1002,31-10-2018,ethereum,23308,
1003,30-10-2018,ethereum,23189,
1004,29-10-2018,ethereum,23188,
1005,28-10-2018,ethereum,23098,
1006,27-10-2018,ethereum,23078,
1007,26-10-2018,ethereum,22798,
1008,25-10-2018,ethereum,22738,
1009,24-10-2018,ethereum,22581,
1010,23-10-2018,ethereum,22530,
1011,22-10-2018,ethereum,22454,
1012,21-10-2018,ethereum,21970,
1013,20-10-2018,ethereum,21970,
1014,19-10-2018,ethereum,21727,
1015,18-10-2018,ethereum,21709,
1016,17-10-2018,ethereum,21703,
1017,16-10-2018,ethereum,21583,
1018,15-10-2018,ethereum,21650,
1019,14-10-2018,ethereum,21592,
1020,13-10-2018,ethereum,21480,
1021,12-10-2018,ethereum,21341,
1022,11-10-2018,ethereum,21142,
1023,10-10-2018,ethereum,21067,
1024,09-10-2018,ethereum,20922,
1025,08-10-2018,ethereum,20822,
1026,07-10-2018,ethereum,20636,
1027,06-10-2018,ethereum,20500,
1028,05-10-2018,ethereum,20429,
1029,04-10-2018,ethereum,20245,
1030,03-10-2018,ethereum,20071,
1031,02-10-2018,ethereum,19942,
1032,01-10-2018,ethereum,19801,
1033,30-09-2018,ethereum,19880,
1034,29-09-2018,ethereum,19861,
1035,28-09-2018,ethereum,19755,
1036,27-09-2018,ethereum,19515,
1037,26-09-2018,ethereum,19324,
1038,25-09-2018,ethereum,19162,
1039,24-09-2018,ethereum,19117,
1040,23-09-2018,ethereum,19118,
1041,22-09-2018,ethereum,18994,
1042,21-09-2018,ethereum,18972,
1043,20-09-2018,ethereum,18792,
1044,19-09-2018,ethereum,18725,
1045,18-09-2018,ethereum,18621,
1046,17-09-2018,ethereum,18589,
1047,16-09-2018,ethereum,18522,
1048,15-09-2018,ethereum,18454,
1049,14-09-2018,ethereum,18262,
1050,13-09-2018,ethereum,18201,
1051,12-09-2018,ethereum,18227,
1052,11-09-2018,ethereum,18242,
1053,10-09-2018,ethereum,18244,
1054,09-09-2018,ethereum,18157,
1055,08-09-2018,ethereum,18097,
1056,07-09-2018,ethereum,18115,
1057,06-09-2018,ethereum,17939,
1058,05-09-2018,ethereum,17928,
1059,04-09-2018,ethereum,17953,
1060,03-09-2018,ethereum,17923,
1061,02-09-2018,ethereum,17808,
1062,01-09-2018,ethereum,17800,
1063,31-08-2018,ethereum,17695,
1064,30-08-2018,ethereum,17678,
1065,29-08-2018,ethereum,17717,
1066,28-08-2018,ethereum,17692,
1067,27-08-2018,ethereum,17694,
1068,26-08-2018,ethereum,17730,
1069,25-08-2018,ethereum,17782,
1070,24-08-2018,ethereum,17768,
1071,23-08-2018,ethereum,17750,
1072,22-08-2018,ethereum,17688,
1073,21-08-2018,ethereum,17601,
1074,20-08-2018,ethereum,17596,
1075,19-08-2018,ethereum,17544,
1076,18-08-2018,ethereum,17558,
1077,17-08-2018,ethereum,17465,
1078,16-08-2018,ethereum,17451,
1079,15-08-2018,ethereum,17459,
1080,14-08-2018,ethereum,17463,
1081,13-08-2018,ethereum,17554,
1082,12-08-2018,ethereum,17573,
1083,11-08-2018,ethereum,17500,
1084,10-08-2018,ethereum,17511,
1085,09-08-2018,ethereum,17489,
1086,08-08-2018,ethereum,17483,
1087,07-08-2018,ethereum,17666,
1088,06-08-2018,ethereum,17725,
1089,05-08-2018,ethereum,17725,
1090,04-08-2018,ethereum,17763,
1091,03-08-2018,ethereum,17772,
1092,02-08-2018,ethereum,17786,
1093,01-08-2018,ethereum,17930,
1094,31-07-2018,ethereum,17972,
1095,30-07-2018,ethereum,17976,
1096,29-07-2018,ethereum,17970,
1097,28-07-2018,ethereum,17959,
1098,27-07-2018,ethereum,17926,
1099,26-07-2018,ethereum,17926,
1100,25-07-2018,ethereum,17977,
1101,24-07-2018,ethereum,17999,
1102,23-07-2018,ethereum,18015,
1103,22-07-2018,ethereum,18001,
1104,21-07-2018,ethereum,18077,
1105,20-07-2018,ethereum,18256,
1106,19-07-2018,ethereum,18291,
1107,18-07-2018,ethereum,18334,
1108,17-07-2018,ethereum,18355,
1109,16-07-2018,ethereum,18380,
1110,15-07-2018,ethereum,18348,
1111,14-07-2018,ethereum,18313,
1112,13-07-2018,ethereum,18377,
1113,12-07-2018,ethereum,18361,
1114,11-07-2018,ethereum,18447,
1115,10-07-2018,ethereum,18435,
1116,09-07-2018,ethereum,18470,
1117,08-07-2018,ethereum,18495,
1118,07-07-2018,ethereum,18538,
1119,06-07-2018,ethereum,18542,
1120,05-07-2018,ethereum,18577,
1121,04-07-2018,ethereum,18646,
1122,03-07-2018,ethereum,18667,
1123,02-07-2018,ethereum,18559,
1124,01-07-2018,ethereum,18526,
1125,30-06-2018,ethereum,18471,
1126,29-06-2018,ethereum,18371,
1127,28-06-2018,ethereum,18304,
1128,27-06-2018,ethereum,18358,
1129,26-06-2018,ethereum,18334,
1130,25-06-2018,ethereum,18392,
1131,24-06-2018,ethereum,18306,
1132,23-06-2018,ethereum,18203,
1133,22-06-2018,ethereum,18224,
1134,21-06-2018,ethereum,18087,
1135,20-06-2018,ethereum,18163,
1136,19-06-2018,ethereum,18156,
1137,18-06-2018,ethereum,18158,
1138,17-06-2018,ethereum,18129,
1139,16-06-2018,ethereum,18074,
1140,15-06-2018,ethereum,17983,
1141,14-06-2018,ethereum,17987,
1142,13-06-2018,ethereum,17834,
1143,12-06-2018,ethereum,17570,
1144,11-06-2018,ethereum,17570,
1145,10-06-2018,ethereum,17459,
1146,09-06-2018,ethereum,17326,
1147,08-06-2018,ethereum,17191,
1148,07-06-2018,ethereum,16994,
1149,06-06-2018,ethereum,16944,
1150,05-06-2018,ethereum,16780,
1151,04-06-2018,ethereum,16633,
1152,03-06-2018,ethereum,16537,
1153,02-06-2018,ethereum,16425,
1154,01-06-2018,ethereum,16411,
1155,31-05-2018,ethereum,16391,
1156,30-05-2018,ethereum,16347,
1157,29-05-2018,ethereum,16264,
1158,28-05-2018,ethereum,16139,
1159,27-05-2018,ethereum,15967,
1160,26-05-2018,ethereum,15852,
1161,25-05-2018,ethereum,15741,
1162,24-05-2018,ethereum,15604,
1163,23-05-2018,ethereum,15497,
1164,22-05-2018,ethereum,15398,
1165,21-05-2018,ethereum,15364,
1166,20-05-2018,ethereum,15221,
1167,19-05-2018,ethereum,15104,
1168,18-05-2018,ethereum,14982,
1169,17-05-2018,ethereum,14936,
1170,16-05-2018,ethereum,14851,
1171,15-05-2018,ethereum,14683,
1172,14-05-2018,ethereum,14531,
1173,13-05-2018,ethereum,14418,
1174,12-05-2018,ethereum,14285,
1175,11-05-2018,ethereum,14183,
1176,10-05-2018,ethereum,13926,
1177,09-05-2018,ethereum,13926,
1178,08-05-2018,ethereum,13841,
1179,07-05-2018,ethereum,13728,
1180,06-05-2018,ethereum,13574,
1181,05-05-2018,ethereum,13436,
1182,04-05-2018,ethereum,13287,
1183,03-05-2018,ethereum,13180,
1184,02-05-2018,ethereum,13031,
1185,01-05-2018,ethereum,12555,
1186,30-04-2018,ethereum,12393,
1187,29-04-2018,ethereum,12236,
1188,28-04-2018,ethereum,12090,
1189,27-04-2018,ethereum,11944,
1190,26-04-2018,ethereum,11854,
1191,25-04-2018,ethereum,11672,
1192,24-04-2018,ethereum,11545,
1193,23-04-2018,ethereum,11363,
1194,22-04-2018,ethereum,11210,
1195,21-04-2018,ethereum,11067,
1196,20-04-2018,ethereum,10911,
1197,19-04-2018,ethereum,10780,
1198,18-04-2018,ethereum,10629,
1199,17-04-2018,ethereum,10467,
1200,16-04-2018,ethereum,10309,
1201,15-04-2018,ethereum,10135,
1202,14-04-2018,ethereum,9990,
1203,13-04-2018,ethereum,9838,
1204,12-04-2018,ethereum,9665,
1205,11-04-2018,ethereum,9543,
1206,10-04-2018,ethereum,9327,
1207,09-04-2018,ethereum,9167,
1208,08-04-2018,ethereum,9012,
1209,07-04-2018,ethereum,8858,
1210,06-04-2018,ethereum,8764,
1211,05-04-2018,ethereum,8661,
1212,04-04-2018,ethereum,8527,
1213,03-04-2018,ethereum,8414,
1214,02-04-2018,ethereum,8295,
1215,01-04-2018,ethereum,8204,
1216,31-03-2018,ethereum,8204,
1217,30-03-2018,ethereum,8158,
1218,29-03-2018,ethereum,8088,
1219,28-03-2018,ethereum,8040,
1220,27-03-2018,ethereum,7946,
1221,26-03-2018,ethereum,7876,
1222,25-03-2018,ethereum,7760,
1223,24-03-2018,ethereum,7697,
1224,23-03-2018,ethereum,7624,
1225,22-03-2018,ethereum,7465,
1226,21-03-2018,ethereum,7465,
1227,20-03-2018,ethereum,7383,
1228,19-03-2018,ethereum,7306,
1229,18-03-2018,ethereum,7232,
1230,17-03-2018,ethereum,7131,
1231,16-03-2018,ethereum,7075,
1232,15-03-2018,ethereum,7009,
1233,14-03-2018,ethereum,6937,
1234,13-03-2018,ethereum,6863,
1235,12-03-2018,ethereum,6816,
1236,11-03-2018,ethereum,6749,
1237,10-03-2018,ethereum,6671,
1238,09-03-2018,ethereum,6594,
1239,08-03-2018,ethereum,6594,
1240,07-03-2018,ethereum,6540,
1241,06-03-2018,ethereum,6501,
1242,05-03-2018,ethereum,6488,
1243,04-03-2018,ethereum,6469,
1244,03-03-2018,ethereum,6440,
1245,02-03-2018,ethereum,6434,
1246,01-03-2018,ethereum,6376,
1247,28-02-2018,ethereum,6376,
1248,27-02-2018,ethereum,6366,
1249,26-02-2018,ethereum,6349,
1250,25-02-2018,ethereum,6347,
1251,24-02-2018,ethereum,6327,
1252,23-02-2018,ethereum,6322,
1253,22-02-2018,ethereum,6331,
1254,21-02-2018,ethereum,6333,
1255,20-02-2018,ethereum,6322,
1256,19-02-2018,ethereum,6332,
1257,18-02-2018,ethereum,6335,
1258,17-02-2018,ethereum,6344,
1259,16-02-2018,ethereum,6349,
1260,15-02-2018,ethereum,6354,
1261,14-02-2018,ethereum,6359,
1262,13-02-2018,ethereum,6366,
1263,12-02-2018,ethereum,6377,
1264,11-02-2018,ethereum,6375,
1265,10-02-2018,ethereum,6394,
1266,09-02-2018,ethereum,6398,
1267,08-02-2018,ethereum,6408,
1268,07-02-2018,ethereum,6421,
1269,06-02-2018,ethereum,6426,
1270,05-02-2018,ethereum,6433,
1271,04-02-2018,ethereum,6457,
1272,03-02-2018,ethereum,6474,
1273,02-02-2018,ethereum,6513,
1274,01-02-2018,ethereum,6555,
1275,31-01-2018,ethereum,6595,
1276,30-01-2018,ethereum,6633,
1277,29-01-2018,ethereum,6633,
1278,28-01-2018,ethereum,6670,
1279,27-01-2018,ethereum,6709,
1280,26-01-2018,ethereum,6747,
1281,25-01-2018,ethereum,6779,
1282,24-01-2018,ethereum,6816,
1283,23-01-2018,ethereum,6847,
1284,22-01-2018,ethereum,6892,
1285,21-01-2018,ethereum,6927,
1286,20-01-2018,ethereum,6964,
1287,19-01-2018,ethereum,7009,
1288,18-01-2018,ethereum,7070,
1289,17-01-2018,ethereum,7097,
1290,16-01-2018,ethereum,7093,
1291,15-01-2018,ethereum,7132,
1292,14-01-2018,ethereum,7202,
1293,13-01-2018,ethereum,7279,
1294,12-01-2018,ethereum,7353,
1295,11-01-2018,ethereum,7353,
1296,10-01-2018,ethereum,7529,
1297,09-01-2018,ethereum,7640,
1298,08-01-2018,ethereum,7748,
1299,07-01-2018,ethereum,7821,
1300,06-01-2018,ethereum,7921,
1301,05-01-2018,ethereum,8023,
1302,04-01-2018,ethereum,8111,
1303,03-01-2018,ethereum,8111,
1304,02-01-2018,ethereum,8231,
1305,01-01-2018,ethereum,8311,
1306,31-12-2017,ethereum,8311,
1307,30-12-2017,ethereum,8329,
1308,29-12-2017,ethereum,8416,
1309,28-12-2017,ethereum,8479,
1310,27-12-2017,ethereum,8479,
1311,26-12-2017,ethereum,8638,
1312,25-12-2017,ethereum,8638,
1313,24-12-2017,ethereum,8709,
1314,23-12-2017,ethereum,8788,
1315,22-12-2017,ethereum,8881,
1316,21-12-2017,ethereum,8980,
1317,20-12-2017,ethereum,9069,
1318,19-12-2017,ethereum,9108,
1319,18-12-2017,ethereum,9140,
1320,17-12-2017,ethereum,9323,
1321,16-12-2017,ethereum,9433,
1322,15-12-2017,ethereum,9500,
1323,14-12-2017,ethereum,9590,
1324,13-12-2017,ethereum,9590,
1325,12-12-2017,ethereum,9747,
1326,11-12-2017,ethereum,9828,
1327,10-12-2017,ethereum,9909,
1328,09-12-2017,ethereum,9987,
1329,08-12-2017,ethereum,10074,
1330,07-12-2017,ethereum,10159,
1331,06-12-2017,ethereum,10176,
1332,05-12-2017,ethereum,10176,
1333,04-12-2017,ethereum,10163,
1334,03-12-2017,ethereum,10165,
1335,02-12-2017,ethereum,10135,
1336,01-12-2017,ethereum,10181,
1337,30-11-2017,ethereum,10229,
1338,29-11-2017,ethereum,10289,
1339,28-11-2017,ethereum,10308,
1340,27-11-2017,ethereum,10308,
1341,26-11-2017,ethereum,10306,
1342,25-11-2017,ethereum,10284,
1343,24-11-2017,ethereum,10271,
1344,23-11-2017,ethereum,10234,
1345,22-11-2017,ethereum,10234,
1346,21-11-2017,ethereum,10165,
1347,20-11-2017,ethereum,10165,
1348,19-11-2017,ethereum,10158,
1349,18-11-2017,ethereum,10110,
1350,17-11-2017,ethereum,10076,
1351,16-11-2017,ethereum,10007,
1352,15-11-2017,ethereum,9990,
1353,14-11-2017,ethereum,9990,
1354,13-11-2017,ethereum,9967,
1355,12-11-2017,ethereum,9956,
1356,11-11-2017,ethereum,9923,
1357,10-11-2017,ethereum,9913,
1358,09-11-2017,ethereum,9913,
1359,08-11-2017,ethereum,9863,
1360,07-11-2017,ethereum,9834,
1361,06-11-2017,ethereum,9834,
1362,05-11-2017,ethereum,9850,
1363,04-11-2017,ethereum,9863,
1364,03-11-2017,ethereum,9858,
1365,02-11-2017,ethereum,9853,
1366,01-11-2017,ethereum,9845,
1367,31-10-2017,ethereum,9805,
1368,30-10-2017,ethereum,9770,
1369,29-10-2017,ethereum,9686,
1370,28-10-2017,ethereum,9652,
1371,27-10-2017,ethereum,9652,
1372,26-10-2017,ethereum,9593,
1373,25-10-2017,ethereum,9593,
1374,24-10-2017,ethereum,9556,
1375,23-10-2017,ethereum,9519,
1376,22-10-2017,ethereum,9455,
1377,21-10-2017,ethereum,9455,
1378,20-10-2017,ethereum,9442,
1379,19-10-2017,ethereum,9407,
1380,18-10-2017,ethereum,9366,
1381,17-10-2017,ethereum,9366,
1382,16-10-2017,ethereum,9410,
1383,15-10-2017,ethereum,9355,
1384,14-10-2017,ethereum,9355,
1385,13-10-2017,ethereum,9360,
1386,12-10-2017,ethereum,9360,
1387,11-10-2017,ethereum,9192,
1388,10-10-2017,ethereum,9090,
1389,09-10-2017,ethereum,8986,
1390,08-10-2017,ethereum,8890,
1391,07-10-2017,ethereum,8795,
1392,06-10-2017,ethereum,8720,
1393,05-10-2017,ethereum,8602,
1394,04-10-2017,ethereum,8514,
1395,03-10-2017,ethereum,8439,
1396,02-10-2017,ethereum,8363,
1397,01-10-2017,ethereum,8285,
1398,30-09-2017,ethereum,8190,
1399,29-09-2017,ethereum,8190,
1400,28-09-2017,ethereum,8045,
1401,27-09-2017,ethereum,7918,
1402,26-09-2017,ethereum,7838,
1403,25-09-2017,ethereum,7773,
1404,24-09-2017,ethereum,7699,
1405,23-09-2017,ethereum,7592,
1406,22-09-2017,ethereum,7474,
1407,21-09-2017,ethereum,7374,
1408,20-09-2017,ethereum,7374,
1409,19-09-2017,ethereum,7324,
1410,18-09-2017,ethereum,7260,
1411,17-09-2017,ethereum,7146,
1412,16-09-2017,ethereum,7060,
1413,15-09-2017,ethereum,6987,
1414,14-09-2017,ethereum,6844,
1415,13-09-2017,ethereum,6844,
1416,12-09-2017,ethereum,6699,
1417,11-09-2017,ethereum,6545,
1418,10-09-2017,ethereum,6545,
1419,09-09-2017,ethereum,6496,
1420,08-09-2017,ethereum,6465,
1421,07-09-2017,ethereum,6412,
1422,06-09-2017,ethereum,6374,
1423,05-09-2017,ethereum,6336,
1424,04-09-2017,ethereum,6317,
1425,03-09-2017,ethereum,6296,
1426,02-09-2017,ethereum,6283,
1427,01-09-2017,ethereum,6251,
1428,31-08-2017,ethereum,6226,
1429,30-08-2017,ethereum,6187,
1430,29-08-2017,ethereum,6145,
1431,28-08-2017,ethereum,6107,
1432,27-08-2017,ethereum,6071,
1433,26-08-2017,ethereum,6009,
1434,25-08-2017,ethereum,5968,
1435,24-08-2017,ethereum,5953,
1436,23-08-2017,ethereum,5928,
1437,22-08-2017,ethereum,5944,
1438,21-08-2017,ethereum,5941,
1439,20-08-2017,ethereum,5937,
1440,19-08-2017,ethereum,5945,
1441,18-08-2017,ethereum,5953,
1442,17-08-2017,ethereum,5965,
1443,16-08-2017,ethereum,5974,
1444,15-08-2017,ethereum,5988,
1445,14-08-2017,ethereum,6002,
1446,13-08-2017,ethereum,6009,
1447,12-08-2017,ethereum,5999,
1448,11-08-2017,ethereum,6013,
1449,10-08-2017,ethereum,6038,
1450,09-08-2017,ethereum,6043,
1451,08-08-2017,ethereum,6054,
1452,07-08-2017,ethereum,6054,
1453,06-08-2017,ethereum,6056,
1454,05-08-2017,ethereum,6062,
1455,04-08-2017,ethereum,6071,
1456,03-08-2017,ethereum,6090,
1457,02-08-2017,ethereum,6085,
1458,01-08-2017,ethereum,6091,
1459,31-07-2017,ethereum,6071,
